Deal Registration: Deal Registration Name,Deal Registration: Created Date,Opportunity Owner,Inside Sales Rep,Sales Territory,Account Name,Billing Country,Partner Account,Opportunity Type,Stage,Amount (converted),Close Date
DR-1490,02/04/2025,Sigrid Halvorsen,,Nordics,Account 290 GmbH,Sweden,Softcat,New Business,0 - Closed Lost,"$174,000",2025-09-10
DR-2673,2024-07-20,Lukas Brandt,Tobias Frank,DACH,Old Account 019,Germany,TD Synnex,New Business,7 - Closed Won,120000,2024-09-30
DR-1631,2025-06-12,Sigrid Halvorsen,Priya Raman,EMEA - UKI & Nordics - Commercial,Account 031 SAS,United Kingdom,Northbridge Data,New Business,Rejected - Duplicate,"$203,000",2025-08-28
DR-1532,01/04/2025,Katharina Vogel,Lena Wirth,DACH,Account 332 Ltd,Austria,Northbridge Data,New Business,Expired,25000,2025-10-04
DR-2172,2026-02-20,Katharina Vogel,Tobias Frank,EMEA - DACH - Enterprise,Account 172 AB,Switzerland,Cancom,New Logo,3 - Discovery,"$92,000",2026-06-10
DR-2658,2024-02-25,Lukas Brandt,Tobias Frank,DACH,Old Account 004,Germany,TD Synnex,New Business,7 - Closed Won,120000,2024-09-30
DR-1318,2025-01-24,Stefan Huber,Lena Wirth,EMEA - DACH - Enterprise,Account 118 Ltd,Switzerland,TD Synnex,New Business,7 - Closed Won,59000,2025-08-10
DR-2612,2026-08-08,Lukas Brandt,,dach pod,Account 212 Ltd,Switzerland,Ingram Micro,New Logo,4 - Technical Validation,"$53,000",2026-12-31
DR-1600,2025-05-20,Yannis Papadakis,Paulo Neves,SEMEA,Account 000 Group,France,Computacenter,Renewal,0 - Closed Lost,"$75,000",2025-11-29
DR-2326,2026-04-14,Katharina Vogel,Tobias Frank,,Account 326 Ltd,Switzerland,Econocom,New Logo,0 - Closed Lost,"$229,000",2026-06-20
DR-2182,2026-02-19,Stefan Huber,Tobias Frank,EMEA - DACH - Enterprise,Account 182 AB,Switzerland,TD Synnex,Migration,7 - Closed Won,"EUR 128,000.00",2026-07-17
DR-2434,24 May 2026,Lukas Brandt,Tobias Frank,DACH,Account 034 Ltd,Germany,Arrow ECS,Migration,2 - Approved,171000,2026-08-05
DR-1963,02/11/2025,Tom Whitfield,Dan Eriksen,UKI & Nordics,Account 363 SAS,Ireland,Arrow ECS,New Logo,5 - Proposal,89000,2025-12-30
DR-2084,2026-01-28,Erik Lindqvist,,,Account 084 AB,Denmark,Computacenter,Upsell,5 - Proposal,"$13,000",2026-07-07
DR-1367,04 Feb 2025,Sofia Almeida,Paulo Neves,EMEA - Southern Europe,Account 167 AB,Italy,Ingram Micro,Renewal,0 - Closed Lost,"$120,000",2025-03-13
DR-2344,2026-04-15,Katharina Vogel,,DACH,Account 344 GmbH,Switzerland,Bechtle AG,New Logo,5 - Proposal,"EUR 89,000.00",2026-08-07
DR-2098,2026-01-04,Lukas Brandt,Tobias Frank,EMEA - DACH - Enterprise,Account 098 Group,Switzerland,Computacenter,Existing Business - Renewal,7 - Closed Won,,2026-07-01
DR-1496,18/04/2025,Aoife Brennan,Mollie Shaw,EMEA - UKI & Nordics - Commercial,Account 296 Ltd,Finland,Econocom,Existing Business - Renewal,Expired,8000,2025-07-21
DR-1462,2025-03-25,Lukas Brandt,,DACH,Account 262 Group,Switzerland,Arrow ECS,New Business,0 - Closed Lost,99000,2025-07-21
DR-1025,10/09/2024,Sigrid Halvorsen,Priya Raman,Nordics,Account 225 AB,Finland,Computacenter,Add-On,7 - Closed Won,118000,2025-01-09
DR-2162,2026-02-11,Elena Castells,Paulo Neves,Southern Europe,Account 162 Ltd,Spain,Cancom,New Logo,2 - Approved,"$70,000",2026-05-06
DR-2155,2026-02-06,Sofia Almeida,Paulo Neves,SEMEA,Account 155 Holdings,Spain,Ingram Micro,Existing Business - Renewal,Expired,"$228,000",2026-06-04
DR-1665,2025-06-15,Julien Marchand,Paulo Neves,EMEA - Southern Europe,Account 065 Holdings,Israel,Ingram Micro,New Business,7 - Closed Won,152000,2025-12-31
DR-1070,04/09/2024,Katharina Vogel,Tobias Frank,EMEA - Other,Account 270 GmbH,Austria,Arrow ECS,Existing Business - Add-On,0 - Closed Lost,"EUR 204,000.00",2025-01-18
DR-1610,2025-05-25,Lukas Brandt,,EMEA - DACH - Enterprise,Account 010 Holdings,Austria,Cancom,New Business,0 - Closed Lost,"EUR 80,000.00",2025-12-04
DR-1181,2024-11-19,Yannis Papadakis,Paulo Neves,SEMEA,Account 381 Ltd,Spain,Econocom,Existing Business - Renewal,7 - Closed Won,"$140,000",2025-04-07
DR-2217,2026-03-06,Tom Whitfield,Mollie Shaw,EMEA - UKI & Nordics - Commercial,Account 217 Ltd,Norway,TD Synnex,New Logo,4 - Technical Validation,"EUR 170,000.00",2026-08-03
DR-1190,2024-11-21,Katharina Vogel,Tobias Frank,dach pod,Account 390 SAS,Switzerland,SHI EMEA,Existing Business - Add-On,0 - Closed Lost,"EUR 214,000.00",2025-01-15
DR-1936,2025-10-14,Lukas Brandt,,DACH,Account 336 Group,Germany,Cancom,New Business,6 - Negotiation,,2026-04-14
DR-2025,23 Dec 2025,Tom Whitfield,Priya Raman,Nordics,Account 025 GmbH,Ireland,Econocom,New Logo,7 - Closed Won,"EUR 19,000.00",2026-01-25
DR-2298,2026-04-21,Sigrid Halvorsen,Dan Eriksen,EMEA - UKI & Nordics - Commercial,Account 298 Holdings,Finland,Arrow ECS,Add-On,1 - Submitted,156000,2026-05-29
DR-2044,13 Dec 2025,Elena Castells,Chiara Bruno,Southern Europe,Account 044 SAS,Israel,Softcat,Renewal,5 - Proposal,"$118,000",2026-06-16
DR-1605,2025-05-05,Katharina Vogel,Lena Wirth,DACH,Account 005 SAS,Switzerland,Arrow ECS,Existing Business - Renewal,2 - Approved,174000,2025-11-04
DR-1953,22/11/2025,Aoife Brennan,Dan Eriksen,EMEA - UKI & Nordics - Commercial,Account 353 Group,Sweden,Bechtle AG,New Logo,5 - Proposal,35000,2026-03-16
DR-2080,2026-01-26,Callum Reid,Dan Eriksen,Nordics,Account 080 Ltd,Ireland,Computacenter,Renewal,3 - Discovery,217000,2026-06-17
DR-2582,2026-08-05,Callum Reid,,Nordics,Account 182 Ltd,Finland,Cancom,Existing Business - Renewal,4 - Technical Validation,"$61,000",2026-09-30
DR-1110,2024-10-28,Sigrid Halvorsen,Mollie Shaw,,Account 310 AB,Ireland,TD Synnex,Upsell,0 - Closed Lost,,2025-02-14
DR-1408,2025-03-14,Tom Whitfield,Priya Raman,UKI & Nordics,Account 208 SpA,United Kingdom,Computacenter,Add-On,0 - Closed Lost,"EUR 147,000.00",2025-08-07
DR-1730,12 Jul 2025,Sofia Almeida,Paulo Neves,Southern Europe,Account 130 GmbH,France,SHI EMEA,Existing Business - Add-On,7 - Closed Won,"$172,000",2026-01-03
DR-2195,2026-03-21,Aoife Brennan,Dan Eriksen,UKI & Nordics,Account 195 SAS,Finland,Ingram Micro,Migration,5 - Proposal,"$57,000",2026-06-22
DR-1687,2025-06-03,Stefan Huber,Lena Wirth,DACH,Account 087 Group,Germany,Bechtle AG,Existing Business - Add-On,0 - Closed Lost,"$173,000",2025-12-17
DR-1264,2025-01-18,Tom Whitfield,Dan Eriksen,Nordics,Account 064 GmbH,Denmark,Computacenter,New Business,6 - Negotiation,,2025-04-25
DR-2575,2026-08-03,Callum Reid,,EMEA - UKI & Nordics - Commercial,Account 175 SpA,Denmark,Bechtle AG,Add-On,3 - Discovery,"$196,000",2026-11-11
DR-2096,2026-01-09,Lukas Brandt,Lena Wirth,dach pod,Account 096 SAS,Austria,Bechtle AG,New Logo,2 - Approved,79000,2026-07-01
DR-2321,2026-04-17,Julien Marchand,Paulo Neves,Southern Europe,Account 321 AB,Spain,Northbridge Data,Renewal,0 - Closed Lost,"EUR 238,000.00",2026-07-19
DR-1649,2025-06-25,Niamh O'Connor,,EMEA - UKI & Nordics - Commercial,Account 049 SAS,Finland,Ingram Micro,New Business,7 - Closed Won,"EUR 136,000.00",2025-08-03
DR-2237,2026-03-01,Sofia Almeida,Paulo Neves,SEMEA,Account 237 Group,Israel,Bechtle AG,Add-On,0 - Closed Lost,220000,2026-04-19
DR-1132,2024-10-20,Jonas Richter,,EMEA - DACH - Enterprise,Account 332 Holdings,Switzerland,Cancom,New Business,0 - Closed Lost,126000,2025-03-04
DR-2269,2026-03-08,Katharina Vogel,,DACH,Account 269 GmbH,Germany,Arrow ECS,Existing Business - Renewal,7 - Closed Won,177000,2026-05-27
DR-1767,2025-08-14,Sigrid Halvorsen,,EMEA - UKI & Nordics - Commercial,Account 167 SpA,Finland,Cancom,Migration,0 - Closed Lost,,2025-12-11
DR-2394,14 May 2026,Julien Marchand,Paulo Neves,Iberia,Account 394 Group,Greece,Arrow ECS,New Logo,7 - Closed Won,43000,2026-08-20
DR-2675,2024-01-03,Lukas Brandt,Tobias Frank,DACH,Old Account 021,Germany,Arrow ECS,New Business,7 - Closed Won,120000,2024-09-30
DR-1714,08 Jul 2025,Aoife Brennan,Mollie Shaw,UKI/Nordics,Account 114 SpA,Ireland,Econocom,Existing Business - Renewal,7 - Closed Won,"EUR 23,000.00",2025-09-27
DR-2240,2026-03-09,Elena Castells,,Southern Europe,Account 240 GmbH,Greece,Computacenter,Existing Business - Renewal,2 - Approved,,2026-08-28
DR-2144,2026-02-24,Sigrid Halvorsen,Mollie Shaw,UKI/Nordics,Account 144 Group,Norway,Northbridge Data,New Logo,2 - Approved,229000,2026-04-05
DR-1800,2025-09-19,Callum Reid,Priya Raman,EMEA - Other,Account 200 Holdings,Sweden,TD Synnex,New Business,0 - Closed Lost,128000,2025-12-15
DR-1898,2025-10-02,Sigrid Halvorsen,Priya Raman,,Account 298 Group,Denmark,Arrow ECS,New Business,2 - Approved,"EUR 95,000.00",2026-03-18
DR-2523,12/06/2026,Lukas Brandt,Lena Wirth,dach pod,Account 123 Group,Switzerland,Bechtle AG,New Logo,6 - Negotiation,173000,2026-09-17
DR-1692,2025-06-19,Lukas Brandt,Lena Wirth,DACH,Account 092 SpA,Switzerland,Econocom,New Business,7 - Closed Won,42000,2025-11-29
DR-1440,2025-03-02,Marco Ferrari,Paulo Neves,EMEA - Southern Europe,Account 240 GmbH,Italy,Northbridge Data,Migration,0 - Closed Lost,"$74,000",2025-05-01
DR-2190,2026-02-12,Lukas Brandt,,dach pod,Account 190 SpA,Austria,Northbridge Data,Add-On,4 - Technical Validation,160000,2026-06-11
DR-1268,2025-01-26,Niamh O'Connor,Mollie Shaw,EMEA - UKI & Nordics - Commercial,Account 068 Ltd,Denmark,Cancom,New Business,0 - Closed Lost,35000,2025-08-10
DR-1139,2024-10-07,Katharina Vogel,,dach pod,Account 339 GmbH,Austria,Bechtle AG,Upsell,7 - Closed Won,208000,2025-03-03
DR-2180,2026-02-22,Nadia Keller,,EMEA - DACH - Enterprise,Account 180 Group,Switzerland,SHI EMEA,New Logo,3 - Discovery,202000,2026-04-17
DR-1061,05/09/2024,Stefan Huber,Lena Wirth,EMEA - DACH - Enterprise,Account 261 Holdings,Germany,TD Synnex,New Business,4 - Technical Validation,"$111,000",2025-02-20
DR-1388,01 Feb 2025,Lukas Brandt,Lena Wirth,EMEA - DACH - Enterprise,Account 188 SpA,Germany,Ingram Micro,New Business,7 - Closed Won,"EUR 62,000.00",2025-06-27
DR-1461,2025-03-14,Lukas Brandt,,EMEA - DACH - Enterprise,Account 261 GmbH,Germany,Bechtle AG,New Business,7 - Closed Won,"EUR 64,000.00",2025-09-18
DR-2209,2026-03-23,Aoife Brennan,Priya Raman,UKI/Nordics,Account 209 Holdings,Ireland,Northbridge Data,Upsell,4 - Technical Validation,140000,2026-07-23
DR-1634,2025-06-01,Sigrid Halvorsen,,EMEA - UKI & Nordics - Commercial,Account 034 Group,Sweden,Econocom,Add-On,7 - Closed Won,"$30,000",2025-12-02
DR-2320,2026-04-19,Sofia Almeida,Paulo Neves,Iberia,Account 320 Group,Spain,TD Synnex,New Logo,0 - Closed Lost,,2026-08-01
DR-2357,2026-04-24,Stefan Huber,Tobias Frank,EMEA - DACH - Enterprise,Account 357 GmbH,Germany,Northbridge Data,Existing Business - Add-On,6 - Negotiation,"EUR 152,000.00",2026-08-06
DR-1090,2024-10-12,Aoife Brennan,Dan Eriksen,UKI & Nordics,Account 290 SAS,Finland,Computacenter,Migration,7 - Closed Won,70000,2025-01-09
DR-1737,04 Jul 2025,Katharina Vogel,,dach pod,Account 137 SpA,Switzerland,Softcat,New Business,7 - Closed Won,,2026-01-06
DR-2252,2026-03-15,Sofia Almeida,Chiara Bruno,EMEA - Southern Europe,Account 252 Holdings,Italy,Bechtle AG,New Logo,2 - Approved,"$114,000",2026-09-09
DR-1294,2025-01-01,Yannis Papadakis,,EMEA - Southern Europe,Account 094 Group,France,Ingram Micro,Add-On,7 - Closed Won,"$11,000",2025-03-31
DR-1043,07/09/2024,Julien Marchand,,SEMEA,Account 243 SpA,Israel,Ingram Micro,New Business,Expired,133000,2024-12-16
DR-2525,2026-07-01,Aoife Brennan,,UKI/Nordics,Account 125 GmbH,Ireland,Ingram Micro,Competitive Migration,6 - Negotiation,"EUR 166,000.00",2026-08-16
DR-1840,2025-09-24,Yannis Papadakis,Chiara Bruno,Iberia,Account 240 GmbH,Portugal,TD Synnex,Existing Business - Add-On,7 - Closed Won,"$166,000",2026-01-28
DR-2512,02/06/2026,Lukas Brandt,Tobias Frank,EMEA - DACH - Enterprise,Account 112 Ltd,Switzerland,Bechtle AG,Competitive Migration,3 - Discovery,"EUR 128,000.00",2026-08-11
DR-1805,2025-09-08,Tom Whitfield,Priya Raman,,Account 205 Group,Ireland,Econocom,New Business,Expired,"EUR 34,000.00",2026-03-21
DR-1223,2024-12-05,Niamh O'Connor,,UKI & Nordics,Account 023 Ltd,Sweden,Cancom,Existing Business - Renewal,7 - Closed Won,30000,2025-04-27
DR-1722,16 Jul 2025,Niamh O'Connor,Priya Raman,,Account 122 AB,United Kingdom,SHI EMEA,New Business,3 - Discovery,,2025-09-02
DR-1934,2025-10-12,Jonas Richter,,EMEA - DACH - Enterprise,Account 334 GmbH,Switzerland,SHI EMEA,Add-On,4 - Technical Validation,"$116,000",2025-12-19
DR-1843,2025-09-12,Elena Castells,Paulo Neves,Iberia,Account 243 GmbH,Italy,Cancom,New Business,0 - Closed Lost,36000,2025-12-29
DR-1916,2025-10-28,Yannis Papadakis,Paulo Neves,SEMEA,Account 316 GmbH,Israel,Computacenter,New Business,0 - Closed Lost,"EUR 218,000.00",2026-02-15
DR-1154,2024-11-27,Niamh O'Connor,,EMEA - UKI & Nordics - Commercial,Account 354 Group,Sweden,Bechtle AG,New Business,7 - Closed Won,"$41,000",2025-03-04
DR-2188,2026-02-17,Katharina Vogel,,dach pod,Account 188 Ltd,Switzerland,Northbridge Data,New Logo,0 - Closed Lost,"EUR 60,000.00",2026-06-05
DR-1723,15 Jul 2025,Callum Reid,Priya Raman,UKI & Nordics,Account 123 Group,Sweden,Ingram Micro,New Business,0 - Closed Lost,176000,2025-09-25
DR-2535,2026-07-07,Aoife Brennan,Mollie Shaw,EMEA - UKI & Nordics - Commercial,Account 135 Holdings,Sweden,Computacenter,Renewal,4 - Technical Validation,"EUR 50,000.00",2026-09-29
DR-1325,2025-01-25,Lukas Brandt,Lena Wirth,dach pod,Account 125 SAS,Switzerland,Computacenter,New Business,0 - Closed Lost,"$150,000",2025-03-13
DR-2564,2026-07-23,Lukas Brandt,Tobias Frank,DACH,Account 164 AB,Austria,Arrow ECS,New Logo,6 - Negotiation,102000,2026-11-17
DR-2043,07 Dec 2025,Marco Ferrari,,SEMEA,Account 043 Holdings,Greece,Ingram Micro,Existing Business - Renewal,7 - Closed Won,"EUR 184,000.00",2026-05-02
DR-2600,2026-08-25,Lukas Brandt,Lena Wirth,DACH,Account 200 GmbH,Austria,Softcat,New Logo,1 - Submitted,59000,2026-09-22
DR-1728,24 Jul 2025,Marco Ferrari,Chiara Bruno,EMEA - Southern Europe,Account 128 Ltd,France,Econocom,Renewal,0 - Closed Lost,"$21,000",2025-09-14
DR-2225,2026-03-03,Sigrid Halvorsen,Dan Eriksen,,Account 225 Ltd,Sweden,Cancom,New Logo,6 - Negotiation,"$232,000",2026-04-08
DR-1797,2025-09-13,Aoife Brennan,,UKI & Nordics,Account 197 Holdings,Denmark,Computacenter,New Business,0 - Closed Lost,"$210,000",2026-01-05
DR-2435,05/06/2026,Tom Whitfield,,Nordics,Account 035 GmbH,Norway,Ingram Micro,Existing Business - Add-On,6 - Negotiation,"EUR 209,000.00",2026-12-06
DR-1548,2025-05-24,Sigrid Halvorsen,Mollie Shaw,EMEA - UKI & Nordics - Commercial,Account 348 Holdings,Denmark,Arrow ECS,Renewal,7 - Closed Won,,2025-12-08
DR-2577,2026-08-19,Tom Whitfield,,EMEA - UKI & Nordics - Commercial,Account 177 Ltd,Finland,Bechtle AG,New Logo,7 - Closed Won,"EUR 92,000.00",2026-11-24
DR-1272,2025-01-14,Tom Whitfield,Dan Eriksen,Nordics,Account 072 Ltd,Ireland,TD Synnex,New Business,Rejected - Duplicate,"$63,000",2025-03-25
DR-2030,08 Dec 2025,Sigrid Halvorsen,Dan Eriksen,Nordics,Account 030 Group,Finland,Econocom,New Logo,3 - Discovery,"$190,000",2026-05-04
DR-1749,2025-08-16,Aoife Brennan,Dan Eriksen,UKI & Nordics,Account 149 AB,Ireland,Cancom,New Business,7 - Closed Won,"EUR 121,000.00",2025-12-30
DR-1423,2025-03-16,Niamh O'Connor,,UKI & Nordics,Account 223 SAS,Ireland,Cancom,New Business,7 - Closed Won,"EUR 60,000.00",2025-05-23
DR-2605,2026-08-24,Lukas Brandt,Tobias Frank,DACH,Account 205 AB,Austria,Softcat,New Logo,3 - Discovery,,2026-12-21
DR-1009,02/09/2024,Aoife Brennan,Priya Raman,UKI & Nordics,Account 209 SpA,United Kingdom,Ingram Micro,New Business,0 - Closed Lost,"$231,000",2025-02-12
DR-1774,2025-08-07,Marco Ferrari,,Iberia,Account 174 SpA,Greece,Econocom,New Business,7 - Closed Won,"$199,000",2025-11-25
DR-1881,2025-10-18,Tom Whitfield,Dan Eriksen,UKI/Nordics,Account 281 AB,United Kingdom,Computacenter,Existing Business - Add-On,0 - Closed Lost,133000,2026-02-11
DR-1474,2025-03-08,Jonas Richter,,DACH,Account 274 Holdings,Switzerland,Computacenter,Existing Business - Renewal,Rejected - Duplicate,77000,2025-08-13
DR-1108,2024-10-20,Sigrid Halvorsen,Priya Raman,EMEA - UKI & Nordics - Commercial,Account 308 Group,Denmark,Econocom,Renewal,0 - Closed Lost,236000,2025-01-02
DR-1646,2025-06-04,Aoife Brennan,Priya Raman,Nordics,Account 046 AB,United Kingdom,Northbridge Data,New Business,0 - Closed Lost,205000,2025-11-22
DR-2275,2026-03-01,Katharina Vogel,Tobias Frank,EMEA - DACH - Enterprise,Account 275 Ltd,Switzerland,Econocom,Upsell,0 - Closed Lost,191000,2026-08-13
DR-1739,16 Jul 2025,Katharina Vogel,,DACH,Account 139 AB,Austria,Arrow ECS,New Business,7 - Closed Won,"$178,000",2025-09-25
DR-1345,16 Feb 2025,Tom Whitfield,,Nordics,Account 145 AB,Sweden,TD Synnex,New Business,0 - Closed Lost,158000,2025-04-02
DR-2572,2026-08-27,Erik Lindqvist,Priya Raman,UKI/Nordics,Account 172 Group,Ireland,Cancom,Upsell,5 - Proposal,70000,2027-01-06
DR-1536,26/04/2025,Katharina Vogel,,DACH,Account 336 Group,Germany,Softcat,New Business,7 - Closed Won,160000,2025-06-11
DR-1006,04/09/2024,Sigrid Halvorsen,,UKI & Nordics,Account 206 SpA,United Kingdom,Computacenter,Add-On,7 - Closed Won,"EUR 39,000.00",2024-12-24
DR-2121,2026-02-16,Callum Reid,Dan Eriksen,Nordics,Account 121 SpA,Finland,Arrow ECS,Add-On,7 - Closed Won,"$160,000",2026-07-14
DR-1046,14/09/2024,Yannis Papadakis,Paulo Neves,EMEA - Southern Europe,Account 246 Holdings,Spain,Softcat,Existing Business - Renewal,,225000,2025-02-06
DR-1563,2025-05-01,Sigrid Halvorsen,,EMEA - UKI & Nordics - Commercial,Account 363 AB,Sweden,Computacenter,New Business,7 - Closed Won,"EUR 157,000.00",2025-10-11
DR-2447,23/06/2026,Tom Whitfield,Priya Raman,UKI/Nordics,Account 047 SpA,Sweden,TD Synnex,Renewal,0 - Closed Lost,"EUR 64,000.00",2026-12-10
DR-1906,2025-10-24,Julien Marchand,Paulo Neves,SEMEA,Account 306 Group,Italy,Bechtle AG,Existing Business - Renewal,5 - Proposal,"EUR 111,000.00",2026-01-25
DR-1438,2025-03-12,Yannis Papadakis,Chiara Bruno,Southern Europe,Account 238 Ltd,Greece,SHI EMEA,Renewal,3 - Discovery,"$230,000",2025-06-03
DR-2540,2026-07-22,Sigrid Halvorsen,Mollie Shaw,UKI & Nordics,Account 140 GmbH,United Kingdom,Cancom,Add-On,3 - Discovery,,2026-08-19
DR-1718,24 Jul 2025,Niamh O'Connor,,UKI/Nordics,Account 118 Holdings,Norway,TD Synnex,Existing Business - Renewal,Rejected - Duplicate,"$92,000",2025-09-28
DR-1221,2024-12-18,Aoife Brennan,,UKI/Nordics,Account 021 Group,Denmark,Computacenter,New Business,0 - Closed Lost,114000,2025-06-25
DR-1990,08/11/2025,Katharina Vogel,,dach pod,Account 390 GmbH,Austria,SHI EMEA,Competitive Migration,0 - Closed Lost,"$202,000",2025-12-16
DR-2595,2026-08-18,Marco Ferrari,Chiara Bruno,Iberia,Account 195 AB,France,Cancom,Existing Business - Renewal,1 - Submitted,32000,2027-03-04
DR-1997,25/11/2025,Katharina Vogel,Tobias Frank,dach pod,Account 397 SAS,Switzerland,Arrow ECS,Upsell,2 - Approved,"EUR 24,000.00",2026-06-03
DR-1775,2025-08-24,Marco Ferrari,,Iberia,Account 175 Holdings,Greece,Bechtle AG,New Business,7 - Closed Won,,2025-11-25
DR-1344,27 Feb 2025,Tom Whitfield,Priya Raman,UKI/Nordics,Account 144 GmbH,Ireland,Bechtle AG,New Business,7 - Closed Won,"EUR 169,000.00",2025-07-14
DR-1845,2025-09-06,Yannis Papadakis,Chiara Bruno,Iberia,Account 245 GmbH,Greece,Softcat,Renewal,4 - Technical Validation,"$136,000",2025-10-25
DR-2233,2026-03-04,Yannis Papadakis,,EMEA - Other,Account 233 AB,Spain,Ingram Micro,Existing Business - Renewal,5 - Proposal,,2026-08-12
DR-2257,2026-03-09,Nadia Keller,,dach pod,Account 257 Group,Germany,SHI EMEA,Add-On,6 - Negotiation,216000,2026-07-14
DR-2415,19 May 2026,Katharina Vogel,,EMEA - DACH - Enterprise,Account 015 Ltd,Germany,Softcat,New Logo,1 - Submitted,,2026-10-26
DR-1228,2024-12-19,Tom Whitfield,Dan Eriksen,Nordics,Account 028 Holdings,United Kingdom,SHI EMEA,New Business,3 - Discovery,"$231,000",2025-05-25
DR-1867,2025-09-01,Lukas Brandt,Tobias Frank,DACH,Account 267 SAS,Switzerland,Cancom,Add-On,0 - Closed Lost,"$238,000",2025-12-29
DR-2066,2026-01-21,Erik Lindqvist,,UKI & Nordics,Account 066 SAS,Norway,Softcat,Add-On,1 - Submitted,120000,2026-04-01
DR-2339,2026-04-28,Lukas Brandt,Tobias Frank,dach pod,Account 339 AB,Switzerland,Ingram Micro,Renewal,3 - Discovery,"EUR 111,000.00",2026-05-29
DR-1338,23 Feb 2025,Sigrid Halvorsen,Priya Raman,UKI/Nordics,Account 138 AB,Finland,SHI EMEA,Migration,0 - Closed Lost,"$181,000",2025-09-09
DR-1004,28/09/2024,Sigrid Halvorsen,Dan Eriksen,EMEA - UKI & Nordics - Commercial,Account 204 GmbH,Denmark,Cancom,Renewal,Expired,229000,2025-01-10
DR-1759,2025-08-18,Aoife Brennan,Mollie Shaw,UKI/Nordics,Account 159 Ltd,Norway,TD Synnex,Add-On,7 - Closed Won,"EUR 181,000.00",2025-12-23
DR-2578,2026-08-01,Tom Whitfield,,UKI & Nordics,Account 178 Holdings,Sweden,Northbridge Data,New Logo,4 - Technical Validation,129000,2026-09-12
DR-2670,2024-06-06,Lukas Brandt,Tobias Frank,DACH,Old Account 016,Germany,Softcat,New Business,7 - Closed Won,120000,2024-09-30
DR-1740,11 Jul 2025,Stefan Huber,Lena Wirth,dach pod,Account 140 SAS,Germany,Computacenter,Upsell,7 - Closed Won,"EUR 203,000.00",2025-08-30
DR-1458,2025-03-15,Katharina Vogel,Tobias Frank,DACH,Account 258 SpA,Austria,Northbridge Data,New Business,7 - Closed Won,37000,2025-04-11
DR-1676,2025-06-28,Lukas Brandt,Tobias Frank,dach pod,Account 076 Group,Austria,Bechtle AG,Renewal,0 - Closed Lost,,2026-01-04
DR-1765,2025-08-10,Callum Reid,Priya Raman,Nordics,Account 165 Holdings,Denmark,SHI EMEA,New Business,5 - Proposal,"EUR 88,000.00",2025-10-16
DR-1249,2024-12-07,Katharina Vogel,Lena Wirth,DACH,Account 049 SAS,Austria,Ingram Micro,New Business,0 - Closed Lost,"EUR 169,000.00",2025-03-14
DR-1619,2025-05-06,Katharina Vogel,,DACH,Account 019 Ltd,Germany,Bechtle AG,Existing Business - Renewal,Rejected - Duplicate,"EUR 114,000.00",2025-08-06
DR-2057,09 Dec 2025,Lukas Brandt,,dach pod,Account 057 SpA,Germany,Econocom,New Logo,7 - Closed Won,,2026-01-14
DR-1399,2025-03-20,Tom Whitfield,,UKI & Nordics,Account 199 Holdings,Norway,Ingram Micro,Upsell,,87000,2025-08-13
DR-1354,22 Feb 2025,Aoife Brennan,Priya Raman,UKI & Nordics,Account 154 Group,United Kingdom,Softcat,New Business,Expired,"EUR 207,000.00",2025-07-06
DR-1506,03/04/2025,Elena Castells,Chiara Bruno,Iberia,Account 306 SAS,Israel,Northbridge Data,New Business,7 - Closed Won,"$105,000",2025-09-11
DR-1107,2024-10-24,Tom Whitfield,,Nordics,Account 307 AB,Ireland,Arrow ECS,Existing Business - Renewal,0 - Closed Lost,"EUR 203,000.00",2024-12-24
DR-2555,2026-07-15,Katharina Vogel,Lena Wirth,EMEA - DACH - Enterprise,Account 155 Ltd,Austria,Softcat,Renewal,3 - Discovery,150000,2026-12-21
DR-2009,03 Dec 2025,Erik Lindqvist,,Nordics,Account 009 Group,Finland,SHI EMEA,Existing Business - Add-On,3 - Discovery,"$48,000",2026-03-16
DR-1664,2025-06-04,Sofia Almeida,Chiara Bruno,Southern Europe,Account 064 Holdings,Israel,Bechtle AG,Existing Business - Add-On,Expired,210000,2025-08-16
DR-1049,11/09/2024,Marco Ferrari,,Southern Europe,Account 249 SAS,Greece,Econocom,New Business,0 - Closed Lost,,2025-01-24
DR-2677,2024-06-02,Lukas Brandt,Tobias Frank,DACH,Old Account 023,Germany,Softcat,New Business,7 - Closed Won,120000,2024-09-30
DR-1851,2025-09-22,Stefan Huber,Tobias Frank,DACH,Account 251 SAS,Switzerland,Ingram Micro,Upsell,Rejected - Duplicate,"EUR 20,000.00",2026-02-06
DR-2085,2026-01-14,Erik Lindqvist,Mollie Shaw,UKI/Nordics,Account 085 Holdings,Sweden,Econocom,Renewal,1 - Submitted,"$11,000",2026-06-28
DR-1497,01/04/2025,Tom Whitfield,Mollie Shaw,Nordics,Account 297 SpA,Norway,Cancom,New Business,7 - Closed Won,"EUR 88,000.00",2025-06-03
DR-2348,2026-04-07,Katharina Vogel,Tobias Frank,DACH,Account 348 AB,Switzerland,TD Synnex,Add-On,0 - Closed Lost,"EUR 146,000.00",2026-05-22
DR-2050,15 Dec 2025,Lukas Brandt,Tobias Frank,EMEA - DACH - Enterprise,Account 050 Holdings,Austria,Arrow ECS,New Logo,1 - Submitted,67000,2026-05-23
DR-1725,03 Jul 2025,Niamh O'Connor,,UKI & Nordics,Account 125 Ltd,Finland,Econocom,New Business,4 - Technical Validation,"EUR 32,000.00",2025-09-25
DR-2388,08 May 2026,Erik Lindqvist,Dan Eriksen,EMEA - UKI & Nordics - Commercial,Account 388 GmbH,Norway,Northbridge Data,New Logo,3 - Discovery,193000,2026-06-27
DR-1891,2025-10-10,Aoife Brennan,Dan Eriksen,EMEA - UKI & Nordics - Commercial,Account 291 Group,Ireland,Cancom,Competitive Migration,7 - Closed Won,"$185,000",2026-04-23
DR-1956,12/11/2025,Callum Reid,,UKI & Nordics,Account 356 GmbH,Ireland,Ingram Micro,New Logo,Rejected - Duplicate,,2026-03-12
DR-1901,2025-10-21,Tom Whitfield,,EMEA - UKI & Nordics - Commercial,Account 301 AB,United Kingdom,SHI EMEA,Existing Business - Renewal,1 - Submitted,"EUR 114,000.00",2026-03-17
DR-1979,01/11/2025,Sofia Almeida,Paulo Neves,Southern Europe,Account 379 AB,Greece,Computacenter,Existing Business - Renewal,1 - Submitted,"$115,000",2025-12-14
DR-1880,2025-10-12,Callum Reid,,EMEA - UKI & Nordics - Commercial,Account 280 AB,Sweden,TD Synnex,New Business,Expired,71000,2025-12-15
DR-2296,2026-04-02,Callum Reid,,EMEA - UKI & Nordics - Commercial,Account 296 Group,Sweden,Computacenter,Migration,3 - Discovery,"EUR 132,000.00",2026-05-25
DR-1731,12 Jul 2025,Julien Marchand,,SEMEA,Account 131 Ltd,France,Arrow ECS,Existing Business - Renewal,7 - Closed Won,"$144,000",2025-10-09
DR-1696,2025-06-11,Lukas Brandt,Lena Wirth,DACH,Account 096 GmbH,Switzerland,Econocom,Existing Business - Renewal,0 - Closed Lost,"EUR 100,000.00",2025-10-03
DR-2307,2026-04-22,Callum Reid,,EMEA - UKI & Nordics - Commercial,Account 307 Ltd,Ireland,Computacenter,New Logo,1 - Submitted,"$152,000",2026-10-22
DR-1188,2024-11-17,Marco Ferrari,Paulo Neves,SEMEA,Account 388 SpA,France,Cancom,Competitive Migration,Rejected - Duplicate,,2025-05-04
DR-1313,2025-01-23,Katharina Vogel,Lena Wirth,dach pod,Account 113 GmbH,Germany,TD Synnex,Renewal,0 - Closed Lost,170000,2025-06-29
DR-1815,2025-09-01,Sigrid Halvorsen,Mollie Shaw,,Account 215 Ltd,Norway,Computacenter,New Business,0 - Closed Lost,"EUR 8,000.00",2025-12-05
DR-1300,2025-01-14,Julien Marchand,,Southern Europe,Account 100 Ltd,Italy,SHI EMEA,New Business,0 - Closed Lost,,2025-07-05
DR-1513,16/04/2025,Elena Castells,Chiara Bruno,Iberia,Account 313 Ltd,Israel,Bechtle AG,New Business,,"EUR 56,000.00",2025-05-29
DR-1949,19/11/2025,Sigrid Halvorsen,,EMEA - UKI & Nordics - Commercial,Account 349 Ltd,United Kingdom,SHI EMEA,New Logo,Rejected - Duplicate,79000,2026-05-13
DR-1050,26/09/2024,Elena Castells,Paulo Neves,Iberia,Account 250 SAS,France,Softcat,New Business,0 - Closed Lost,"$157,000",2025-01-19
DR-1860,2025-09-02,Katharina Vogel,,DACH,Account 260 SpA,Austria,Ingram Micro,New Business,0 - Closed Lost,"$224,000",2025-10-13
DR-1890,2025-10-22,Callum Reid,Priya Raman,UKI & Nordics,Account 290 SAS,Norway,SHI EMEA,Upsell,2 - Approved,"EUR 200,000.00",2026-02-09
DR-1847,2025-09-11,Julien Marchand,Paulo Neves,Iberia,Account 247 SpA,Spain,TD Synnex,New Business,7 - Closed Won,22000,2025-10-19
DR-2026,03 Dec 2025,Sigrid Halvorsen,Mollie Shaw,EMEA - Other,Account 026 AB,Ireland,Bechtle AG,New Logo,7 - Closed Won,"EUR 221,000.00",2026-03-18
DR-1256,2024-12-10,Lukas Brandt,Lena Wirth,DACH,Account 056 Group,Switzerland,Ingram Micro,New Business,0 - Closed Lost,138000,2025-01-04
DR-2406,23 May 2026,Sofia Almeida,Chiara Bruno,SEMEA,Account 006 Group,Portugal,Computacenter,New Logo,5 - Proposal,107000,2026-06-20
DR-1305,2025-01-28,Marco Ferrari,,Southern Europe,Account 105 Holdings,Spain,TD Synnex,Existing Business - Add-On,0 - Closed Lost,"EUR 53,000.00",2025-06-14
DR-1871,2025-09-01,Stefan Huber,,dach pod,Account 271 SpA,Germany,Softcat,New Business,7 - Closed Won,"$80,000",2026-01-22
DR-1332,28 Feb 2025,Tom Whitfield,Dan Eriksen,EMEA - UKI & Nordics - Commercial,Account 132 SpA,Denmark,Computacenter,New Business,Expired,"$143,000",2025-08-02
DR-1531,21/04/2025,Stefan Huber,Lena Wirth,EMEA - DACH - Enterprise,Account 331 Ltd,Austria,Softcat,Renewal,7 - Closed Won,165000,2025-05-30
DR-2385,21 May 2026,Callum Reid,Dan Eriksen,Nordics,Account 385 Ltd,Sweden,Computacenter,New Logo,3 - Discovery,30000,2026-07-14
DR-2459,06/06/2026,Erik Lindqvist,Dan Eriksen,UKI & Nordics,Account 059 GmbH,Finland,TD Synnex,New Logo,7 - Closed Won,"$143,000",2026-09-23
DR-1127,2024-10-09,Julien Marchand,Chiara Bruno,EMEA - Southern Europe,Account 327 AB,Spain,SHI EMEA,New Business,0 - Closed Lost,57000,2025-03-26
DR-2485,26/06/2026,Elena Castells,,Iberia,Account 085 Ltd,Portugal,Econocom,Upsell,3 - Discovery,"EUR 197,000.00",2026-12-22
DR-2598,2026-08-11,Katharina Vogel,Tobias Frank,EMEA - DACH - Enterprise,Account 198 SAS,Germany,Northbridge Data,New Logo,4 - Technical Validation,"EUR 36,000.00",2026-11-13
DR-2125,2026-02-19,Sigrid Halvorsen,Dan Eriksen,Nordics,Account 125 SAS,Denmark,Ingram Micro,Upsell,Rejected - Duplicate,112000,2026-06-13
DR-2141,2026-02-11,Aoife Brennan,,Nordics,Account 141 SpA,United Kingdom,TD Synnex,New Logo,3 - Discovery,,2026-05-03
DR-1426,2025-03-02,Elena Castells,Paulo Neves,Iberia,Account 226 GmbH,Greece,Computacenter,New Business,7 - Closed Won,"$191,000",2025-08-19
DR-1086,2024-10-08,Aoife Brennan,Dan Eriksen,UKI/Nordics,Account 286 Group,Norway,Ingram Micro,Existing Business - Renewal,Rejected - Duplicate,26000,2025-04-06
DR-1164,2024-11-13,Sigrid Halvorsen,Mollie Shaw,UKI/Nordics,Account 364 Holdings,Sweden,TD Synnex,Renewal,7 - Closed Won,"$194,000",2025-05-31
DR-2300,2026-04-24,Erik Lindqvist,Dan Eriksen,EMEA - UKI & Nordics - Commercial,Account 300 Group,Sweden,Cancom,New Logo,0 - Closed Lost,206000,2026-06-20
DR-2506,06/06/2026,Nadia Keller,Tobias Frank,DACH,Account 106 Group,Switzerland,Softcat,New Logo,6 - Negotiation,"EUR 138,000.00",2026-11-29
DR-1698,2025-06-06,Nadia Keller,Lena Wirth,dach pod,Account 098 AB,Germany,Computacenter,Existing Business - Renewal,0 - Closed Lost,"$134,000",2025-07-17
DR-1281,2025-01-25,Sigrid Halvorsen,Dan Eriksen,Nordics,Account 081 Holdings,Denmark,Cancom,New Business,Rejected - Duplicate,,2025-07-25
DR-2107,2026-01-21,Lukas Brandt,Lena Wirth,EMEA - DACH - Enterprise,Account 107 SAS,Austria,Softcat,Migration,6 - Negotiation,"$200,000",2026-06-16
DR-1337,19 Feb 2025,Tom Whitfield,Dan Eriksen,Nordics,Account 137 Holdings,United Kingdom,Cancom,Upsell,0 - Closed Lost,206000,2025-08-17
DR-2058,11 Dec 2025,Lukas Brandt,Lena Wirth,DACH,Account 058 AB,Germany,Softcat,New Logo,3 - Discovery,132000,2026-02-12
DR-1431,2025-03-21,Julien Marchand,Paulo Neves,Iberia,Account 231 Ltd,Spain,Computacenter,Add-On,7 - Closed Won,217000,2025-04-26
DR-1732,24 Jul 2025,Marco Ferrari,Chiara Bruno,Southern Europe,Account 132 Ltd,Spain,SHI EMEA,New Business,0 - Closed Lost,"$94,000",2025-09-24
DR-2515,09/06/2026,Lukas Brandt,Lena Wirth,EMEA - DACH - Enterprise,Account 115 GmbH,Austria,Econocom,Existing Business - Renewal,1 - Submitted,231000,2026-12-22
DR-2580,2026-08-14,Tom Whitfield,Priya Raman,UKI/Nordics,Account 180 AB,Finland,Econocom,New Logo,4 - Technical Validation,161000,2026-10-26
DR-1056,22/09/2024,Lukas Brandt,,DACH,Account 256 AB,Switzerland,Ingram Micro,New Business,Rejected - Duplicate,"EUR 51,000.00",2025-01-21
DR-1096,2024-10-06,Aoife Brennan,Mollie Shaw,UKI/Nordics,Account 296 SpA,Sweden,Arrow ECS,Add-On,0 - Closed Lost,,2024-11-22
DR-2304,2026-04-10,Erik Lindqvist,Priya Raman,EMEA - UKI & Nordics - Commercial,Account 304 Group,Finland,SHI EMEA,Existing Business - Add-On,,51000,2026-09-08
DR-2482,19/06/2026,Sofia Almeida,Chiara Bruno,Iberia,Account 082 SpA,Italy,Softcat,Existing Business - Renewal,4 - Technical Validation,"EUR 59,000.00",2026-08-14
DR-1123,2024-10-14,Elena Castells,Chiara Bruno,EMEA - Southern Europe,Account 323 SpA,Greece,SHI EMEA,New Business,7 - Closed Won,"EUR 223,000.00",2025-02-14
DR-1227,2024-12-06,Sigrid Halvorsen,Dan Eriksen,,Account 027 Group,Norway,Computacenter,New Business,7 - Closed Won,"EUR 59,000.00",2025-01-10
DR-1607,2025-05-16,Katharina Vogel,Lena Wirth,EMEA - DACH - Enterprise,Account 007 Group,Switzerland,Econocom,New Business,7 - Closed Won,204000,2025-08-09
DR-1598,2025-05-24,Yannis Papadakis,,EMEA - Southern Europe,Account 398 SAS,Portugal,Econocom,Add-On,7 - Closed Won,"EUR 104,000.00",2025-06-18
DR-1341,04 Feb 2025,Aoife Brennan,Mollie Shaw,UKI/Nordics,Account 141 Ltd,Norway,Cancom,New Business,Expired,"$46,000",2025-04-11
DR-1048,17/09/2024,Marco Ferrari,,EMEA - Southern Europe,Account 248 Group,Spain,TD Synnex,Upsell,Rejected - Duplicate,"$120,000",2025-01-10
DR-1275,2025-01-08,Aoife Brennan,Dan Eriksen,UKI & Nordics,Account 075 SpA,Finland,Ingram Micro,Upsell,0 - Closed Lost,232000,2025-04-05
DR-2420,19 May 2026,Nadia Keller,,DACH,Account 020 AB,Germany,Cancom,Add-On,Rejected - Duplicate,,2026-08-30
DR-1875,2025-10-14,Sigrid Halvorsen,Dan Eriksen,UKI & Nordics,Account 275 Group,Ireland,Ingram Micro,Add-On,2 - Approved,"$120,000",2025-11-23
DR-1156,2024-11-08,Aoife Brennan,Mollie Shaw,EMEA - UKI & Nordics - Commercial,Account 356 Group,Norway,TD Synnex,New Business,0 - Closed Lost,"$110,000",2025-01-21
DR-1441,2025-03-17,Yannis Papadakis,Chiara Bruno,Southern Europe,Account 241 Ltd,Greece,Softcat,Existing Business - Add-On,7 - Closed Won,"EUR 141,000.00",2025-05-28
DR-1914,2025-10-26,Julien Marchand,Chiara Bruno,Southern Europe,Account 314 SAS,Portugal,Econocom,New Business,Expired,"EUR 183,000.00",2026-03-24
DR-1817,2025-09-11,Tom Whitfield,Dan Eriksen,Nordics,Account 217 SAS,Finland,Arrow ECS,New Business,0 - Closed Lost,"EUR 126,000.00",2025-11-25
DR-2437,05/06/2026,Callum Reid,Priya Raman,UKI/Nordics,Account 037 SAS,Finland,Econocom,Upsell,2 - Approved,12000,2026-11-24
DR-2502,06/06/2026,Katharina Vogel,,dach pod,Account 102 Holdings,Austria,SHI EMEA,Existing Business - Renewal,0 - Closed Lost,"$129,000",2026-09-15
DR-1932,2025-10-24,Lukas Brandt,Tobias Frank,dach pod,Account 332 SAS,Germany,SHI EMEA,New Business,7 - Closed Won,78000,2026-03-14
DR-2633,2024-09-15,Channel Queue,,DACH,Queued Account 019,Germany,Computacenter,New Business,1 - Submitted,,
DR-2159,2026-02-15,Elena Castells,Paulo Neves,EMEA - Southern Europe,Account 159 AB,Italy,Cancom,New Logo,3 - Discovery,"EUR 134,000.00",2026-05-18
DR-1642,2025-06-20,Tom Whitfield,Priya Raman,EMEA - UKI & Nordics - Commercial,Account 042 Group,United Kingdom,Cancom,Upsell,0 - Closed Lost,17000,2025-07-24
DR-1855,2025-09-11,Lukas Brandt,,DACH,Account 255 AB,Switzerland,Softcat,Migration,Expired,"$63,000",2026-03-01
DR-1632,2025-06-03,Niamh O'Connor,Dan Eriksen,UKI/Nordics,Account 032 AB,United Kingdom,Bechtle AG,New Business,Rejected - Duplicate,"$226,000",2025-10-16
DR-2099,2026-01-16,Stefan Huber,Lena Wirth,DACH,Account 099 GmbH,Austria,Bechtle AG,New Logo,Rejected - Duplicate,"$20,000",2026-03-29
DR-2584,2026-08-08,Aoife Brennan,Priya Raman,EMEA - UKI & Nordics - Commercial,Account 184 SpA,Finland,Econocom,New Logo,6 - Negotiation,"$35,000",2026-11-06
DR-1654,2025-06-11,Sigrid Halvorsen,,EMEA - UKI & Nordics - Commercial,Account 054 AB,Finland,Ingram Micro,Upsell,Expired,"$103,000",2025-10-05
DR-2286,2026-04-28,Sigrid Halvorsen,Dan Eriksen,Nordics,Account 286 Holdings,Finland,Cancom,Renewal,3 - Discovery,98000,2026-06-17
DR-1161,2024-11-28,Aoife Brennan,Priya Raman,UKI/Nordics,Account 361 SAS,Denmark,Computacenter,Add-On,7 - Closed Won,"$164,000",2025-03-28
DR-1151,2024-11-11,Sigrid Halvorsen,Dan Eriksen,UKI/Nordics,Account 351 SpA,Sweden,Northbridge Data,New Business,Rejected - Duplicate,,2025-05-11
DR-1987,05/11/2025,Stefan Huber,Lena Wirth,DACH,Account 387 Group,Austria,Northbridge Data,New Logo,0 - Closed Lost,52000,2025-12-05
DR-1032,14/09/2024,Julien Marchand,Paulo Neves,EMEA - Southern Europe,Account 232 SAS,France,Computacenter,New Business,7 - Closed Won,,2025-03-04
DR-2519,22/06/2026,Lukas Brandt,Tobias Frank,EMEA - DACH - Enterprise,Account 119 Ltd,Austria,Cancom,New Logo,0 - Closed Lost,88000,2026-12-19
DR-1973,13/11/2025,Sofia Almeida,,EMEA - Southern Europe,Account 373 AB,Italy,Computacenter,Existing Business - Add-On,6 - Negotiation,"EUR 109,000.00",2026-04-06
DR-2041,28 Dec 2025,Elena Castells,,Southern Europe,Account 041 SpA,Portugal,Bechtle AG,New Logo,0 - Closed Lost,"EUR 86,000.00",2026-04-01
DR-1480,12/04/2025,Tom Whitfield,Dan Eriksen,UKI/Nordics,Account 280 Holdings,Ireland,TD Synnex,New Business,0 - Closed Lost,"EUR 76,000.00",2025-06-11
DR-1627,2025-05-07,Katharina Vogel,Tobias Frank,dach pod,Account 027 Holdings,Switzerland,TD Synnex,New Business,7 - Closed Won,"$63,000",2025-09-12
DR-1416,2025-03-23,Sigrid Halvorsen,Priya Raman,UKI & Nordics,Account 216 SAS,Finland,Ingram Micro,New Business,0 - Closed Lost,"EUR 129,000.00",2025-05-13
DR-1194,2024-11-03,Lukas Brandt,,dach pod,Account 394 Group,Austria,Bechtle AG,New Business,7 - Closed Won,,2025-02-09
DR-2467,25/06/2026,Erik Lindqvist,,EMEA - UKI & Nordics - Commercial,Account 067 Group,Norway,Computacenter,Add-On,7 - Closed Won,"$80,000",2026-10-28
DR-2017,09 Dec 2025,Tom Whitfield,,UKI & Nordics,Account 017 Ltd,Norway,Bechtle AG,Existing Business - Add-On,0 - Closed Lost,"$170,000",2026-05-02
DR-1883,2025-10-26,Tom Whitfield,Priya Raman,UKI/Nordics,Account 283 SpA,United Kingdom,Northbridge Data,New Business,7 - Closed Won,"$191,000",2025-11-30
DR-1959,11/11/2025,Sigrid Halvorsen,Priya Raman,EMEA - UKI & Nordics - Commercial,Account 359 Group,Sweden,Econocom,Existing Business - Renewal,4 - Technical Validation,"EUR 139,000.00",2026-03-23
DR-2586,2026-08-03,Elena Castells,,SEMEA,Account 186 AB,Israel,Computacenter,Add-On,5 - Proposal,23000,2027-02-03
DR-2345,2026-04-15,Lukas Brandt,Lena Wirth,EMEA - DACH - Enterprise,Account 345 GmbH,Switzerland,Computacenter,Existing Business - Renewal,1 - Submitted,"$195,000",2026-09-04
DR-1317,2025-01-25,Stefan Huber,,dach pod,Account 117 SpA,Germany,Computacenter,New Business,Rejected - Duplicate,53000,2025-05-27
DR-2076,2026-01-19,Aoife Brennan,,UKI/Nordics,Account 076 SpA,Norway,SHI EMEA,Existing Business - Renewal,Expired,225000,2026-04-30
DR-2379,11 May 2026,Erik Lindqvist,Mollie Shaw,UKI/Nordics,Account 379 GmbH,Ireland,Softcat,Renewal,1 - Submitted,"$233,000",2026-07-16
DR-1253,2024-12-07,Katharina Vogel,Lena Wirth,DACH,Account 053 SAS,Switzerland,Northbridge Data,New Business,Rejected - Duplicate,,2025-02-07
DR-1217,2024-12-17,Tom Whitfield,,UKI/Nordics,Account 017 AB,Ireland,SHI EMEA,New Business,,"$158,000",2025-07-04
DR-1670,2025-06-11,Marco Ferrari,,Southern Europe,Account 070 Holdings,Greece,Computacenter,Existing Business - Add-On,Rejected - Duplicate,"EUR 77,000.00",2025-07-29
DR-2200,2026-03-16,Callum Reid,,UKI & Nordics,Account 200 SAS,United Kingdom,Softcat,New Logo,0 - Closed Lost,79000,2026-04-10
DR-2524,15/06/2026,Lukas Brandt,Tobias Frank,DACH,Account 124 Holdings,Switzerland,SHI EMEA,Existing Business - Renewal,3 - Discovery,"EUR 183,000.00",2026-11-18
DR-2396,01 May 2026,Elena Castells,Chiara Bruno,Iberia,Account 396 SAS,Spain,TD Synnex,Renewal,,"EUR 101,000.00",2026-09-06
DR-2336,2026-04-13,Lukas Brandt,,dach pod,Account 336 AB,Austria,TD Synnex,New Logo,1 - Submitted,45000,2026-09-06
DR-1207,2024-11-11,Katharina Vogel,Lena Wirth,DACH,Account 007 Holdings,Germany,Northbridge Data,Existing Business - Add-On,7 - Closed Won,"$89,000",2025-02-25
DR-1002,04/09/2024,Sigrid Halvorsen,Mollie Shaw,Nordics,Account 202 Group,Sweden,Ingram Micro,Renewal,0 - Closed Lost,67000,2024-11-16
DR-2412,15 May 2026,Katharina Vogel,Tobias Frank,DACH,Account 012 AB,Germany,Cancom,New Logo,1 - Submitted,"$165,000",2026-09-22
DR-2626,2025-02-20,Channel Queue,,DACH,Queued Account 012,Germany,Computacenter,New Business,1 - Submitted,,
DR-1935,2025-10-06,Katharina Vogel,Lena Wirth,dach pod,Account 335 AB,Germany,Northbridge Data,New Business,6 - Negotiation,"EUR 220,000.00",2026-03-27
DR-2216,2026-03-11,Erik Lindqvist,Dan Eriksen,Nordics,Account 216 Holdings,Sweden,SHI EMEA,New Logo,3 - Discovery,,2026-08-03
DR-2476,23/06/2026,Erik Lindqvist,Dan Eriksen,,Account 076 SpA,Norway,Arrow ECS,Upsell,2 - Approved,"$116,000",2026-12-17
DR-1407,2025-03-26,Niamh O'Connor,Dan Eriksen,UKI/Nordics,Account 207 Holdings,Norway,TD Synnex,New Business,Rejected - Duplicate,"EUR 54,000.00",2025-05-07
DR-2660,2024-03-20,Lukas Brandt,Tobias Frank,DACH,Old Account 006,Germany,Softcat,New Business,7 - Closed Won,120000,2024-09-30
DR-1372,22 Feb 2025,Sofia Almeida,Paulo Neves,EMEA - Southern Europe,Account 172 SAS,Italy,SHI EMEA,New Business,7 - Closed Won,"EUR 211,000.00",2025-07-14
DR-1779,2025-08-17,Elena Castells,,SEMEA,Account 179 GmbH,Portugal,Computacenter,Upsell,7 - Closed Won,"EUR 24,000.00",2025-11-13
DR-2526,2026-07-05,Callum Reid,Priya Raman,Nordics,Account 126 AB,Norway,Cancom,New Logo,3 - Discovery,"EUR 220,000.00",2026-10-15
DR-1231,2024-12-10,Sofia Almeida,Paulo Neves,EMEA - Southern Europe,Account 031 SAS,France,Bechtle AG,New Business,7 - Closed Won,151000,2025-01-07
DR-1282,2025-01-05,Niamh O'Connor,Mollie Shaw,UKI/Nordics,Account 082 SAS,Sweden,Econocom,New Business,0 - Closed Lost,"$82,000",2025-04-30
DR-2359,2026-04-16,Katharina Vogel,Tobias Frank,EMEA - DACH - Enterprise,Account 359 Ltd,Germany,TD Synnex,New Logo,5 - Proposal,16000,2026-08-31
DR-1689,2025-06-10,Katharina Vogel,Tobias Frank,EMEA - DACH - Enterprise,Account 089 Group,Switzerland,Northbridge Data,Renewal,Rejected - Duplicate,"$236,000",2025-11-25
DR-1928,2025-10-16,Lukas Brandt,Lena Wirth,EMEA - DACH - Enterprise,Account 328 Ltd,Switzerland,Computacenter,New Business,1 - Submitted,"$11,000",2025-11-27
DR-1629,2025-06-11,Aoife Brennan,Priya Raman,UKI & Nordics,Account 029 Group,Finland,Computacenter,Existing Business - Renewal,0 - Closed Lost,"EUR 113,000.00",2025-08-31
DR-1833,2025-09-28,Sofia Almeida,Paulo Neves,SEMEA,Account 233 AB,Spain,Ingram Micro,Add-On,4 - Technical Validation,"EUR 147,000.00",2025-11-05
DR-1773,2025-08-23,Sofia Almeida,Chiara Bruno,SEMEA,Account 173 SAS,France,SHI EMEA,Existing Business - Add-On,4 - Technical Validation,71000,2025-12-10
DR-2276,2026-03-01,Katharina Vogel,,,Account 276 Group,Austria,Ingram Micro,Existing Business - Renewal,3 - Discovery,18000,2026-05-10
DR-1501,17/04/2025,Callum Reid,Dan Eriksen,UKI/Nordics,Account 301 SpA,Finland,Northbridge Data,Upsell,7 - Closed Won,"$117,000",2025-07-06
DR-1820,2025-09-06,Aoife Brennan,,Nordics,Account 220 Group,Finland,Cancom,Upsell,7 - Closed Won,"$218,000",2026-02-09
DR-2522,19/06/2026,Lukas Brandt,Lena Wirth,EMEA - DACH - Enterprise,Account 122 AB,Switzerland,SHI EMEA,New Logo,6 - Negotiation,"EUR 168,000.00",2026-11-23
DR-1008,13/09/2024,Aoife Brennan,Priya Raman,Nordics,Account 208 Ltd,Finland,TD Synnex,New Business,Rejected - Duplicate,"EUR 15,000.00",2025-03-28
DR-1832,2025-09-08,Yannis Papadakis,Paulo Neves,Southern Europe,Account 232 Holdings,France,Ingram Micro,Existing Business - Renewal,1 - Submitted,"EUR 169,000.00",2025-10-25
DR-2332,2026-04-25,Lukas Brandt,,dach pod,Account 332 AB,Germany,Bechtle AG,New Logo,5 - Proposal,"$11,000",2026-10-06
DR-2366,18 May 2026,Callum Reid,Dan Eriksen,,Account 366 SAS,Sweden,Bechtle AG,New Logo,1 - Submitted,,2026-09-11
DR-2291,2026-04-23,Tom Whitfield,Dan Eriksen,Nordics,Account 291 SpA,Ireland,Computacenter,New Logo,1 - Submitted,43000,2026-10-09
DR-1210,2024-11-20,Nadia Keller,Lena Wirth,DACH,Account 010 Group,Switzerland,Bechtle AG,New Business,Rejected - Duplicate,"$46,000",2025-03-25
DR-1550,2025-05-07,Aoife Brennan,,EMEA - UKI & Nordics - Commercial,Account 350 SAS,Norway,Arrow ECS,New Business,7 - Closed Won,"$132,000",2025-08-16
DR-1708,21 Jul 2025,Niamh O'Connor,,UKI/Nordics,Account 108 SAS,Ireland,Bechtle AG,New Business,0 - Closed Lost,,2025-09-30
DR-1630,2025-06-16,Aoife Brennan,Mollie Shaw,UKI & Nordics,Account 030 Ltd,United Kingdom,Econocom,Existing Business - Add-On,0 - Closed Lost,"$230,000",2025-08-16
DR-1394,13 Feb 2025,Lukas Brandt,Tobias Frank,DACH,Account 194 Group,Switzerland,Softcat,New Business,7 - Closed Won,"$166,000",2025-07-04
DR-2581,2026-08-20,Callum Reid,Mollie Shaw,UKI/Nordics,Account 181 Holdings,Norway,Arrow ECS,New Logo,5 - Proposal,,2026-12-26
DR-2478,28/06/2026,Tom Whitfield,Mollie Shaw,UKI & Nordics,Account 078 AB,Finland,Econocom,Add-On,4 - Technical Validation,"EUR 170,000.00",2026-09-29
DR-2532,2026-07-04,Sigrid Halvorsen,Dan Eriksen,UKI/Nordics,Account 132 Ltd,Finland,Econocom,New Logo,2 - Approved,"EUR 65,000.00",2026-11-25
DR-1214,2024-11-21,Katharina Vogel,Lena Wirth,dach pod,Account 014 Holdings,Austria,Bechtle AG,New Business,Expired,"$212,000",2024-12-29
DR-1822,2025-09-17,Callum Reid,,UKI & Nordics,Account 222 AB,United Kingdom,Econocom,Upsell,,22000,2026-03-11
DR-1568,2025-05-11,Tom Whitfield,Dan Eriksen,UKI/Nordics,Account 368 Group,Sweden,SHI EMEA,New Business,0 - Closed Lost,125000,2025-06-29
DR-2443,16/06/2026,Callum Reid,,UKI/Nordics,Account 043 Ltd,United Kingdom,Softcat,Existing Business - Renewal,6 - Negotiation,181000,2026-10-09
DR-2659,2024-05-15,Lukas Brandt,Tobias Frank,DACH,Old Account 005,Germany,Bechtle AG,New Business,7 - Closed Won,120000,2024-09-30
DR-2293,2026-04-26,Sigrid Halvorsen,Mollie Shaw,UKI & Nordics,Account 293 GmbH,Finland,Bechtle AG,New Logo,2 - Approved,22000,2026-10-10
DR-1302,2025-01-16,Yannis Papadakis,,Iberia,Account 102 Holdings,Spain,Computacenter,New Business,Rejected - Duplicate,214000,2025-03-30
DR-1793,2025-08-20,Lukas Brandt,,dach pod,Account 193 Holdings,Germany,Ingram Micro,Renewal,7 - Closed Won,"$49,000",2025-11-11
DR-2280,2026-03-25,Katharina Vogel,Lena Wirth,DACH,Account 280 SpA,Switzerland,Bechtle AG,New Logo,7 - Closed Won,"EUR 134,000.00",2026-06-25
DR-1786,2025-08-15,Katharina Vogel,Lena Wirth,,Account 186 Ltd,Austria,Arrow ECS,New Business,6 - Negotiation,"$202,000",2026-03-03
DR-1555,2025-05-24,Aoife Brennan,Priya Raman,Nordics,Account 355 AB,Ireland,Econocom,New Business,0 - Closed Lost,"EUR 80,000.00",2025-12-08
DR-1446,2025-03-09,Marco Ferrari,Paulo Neves,Iberia,Account 246 Ltd,Spain,Ingram Micro,New Business,Rejected - Duplicate,48000,2025-06-19
DR-2015,17 Dec 2025,Tom Whitfield,Dan Eriksen,UKI & Nordics,Account 015 Group,United Kingdom,Computacenter,Add-On,3 - Discovery,125000,2026-03-08
DR-1872,2025-09-09,Lukas Brandt,Tobias Frank,EMEA - DACH - Enterprise,Account 272 Ltd,Austria,Arrow ECS,Renewal,7 - Closed Won,"EUR 20,000.00",2025-10-20
DR-2678,2024-04-28,Lukas Brandt,Tobias Frank,DACH,Old Account 024,Germany,Computacenter,New Business,7 - Closed Won,120000,2024-09-30
DR-1965,21/11/2025,Tom Whitfield,Mollie Shaw,Nordics,Account 365 SpA,Norway,Northbridge Data,New Logo,Rejected - Duplicate,"EUR 125,000.00",2026-01-14
DR-2031,03 Dec 2025,Erik Lindqvist,,Nordics,Account 031 SpA,Norway,Bechtle AG,Upsell,1 - Submitted,"$57,000",2026-02-12
DR-1125,2024-10-03,Marco Ferrari,,SEMEA,Account 325 Ltd,Spain,TD Synnex,New Business,0 - Closed Lost,229000,2025-01-02
DR-1804,2025-09-15,Sigrid Halvorsen,Mollie Shaw,UKI & Nordics,Account 204 Ltd,Denmark,Cancom,New Business,1 - Submitted,,2025-12-05
DR-1760,2025-08-28,Sigrid Halvorsen,Mollie Shaw,EMEA - UKI & Nordics - Commercial,Account 160 Group,Ireland,Northbridge Data,New Business,0 - Closed Lost,162000,2025-10-20
DR-2627,2025-07-07,Channel Queue,,DACH,Queued Account 013,Germany,Cancom,New Business,1 - Submitted,,
DR-1527,04/04/2025,Katharina Vogel,Tobias Frank,dach pod,Account 327 GmbH,Austria,Softcat,New Business,7 - Closed Won,"EUR 94,000.00",2025-07-30
DR-1073,15/09/2024,Lukas Brandt,,EMEA - DACH - Enterprise,Account 273 SpA,Austria,Bechtle AG,New Business,0 - Closed Lost,"$142,000",2024-10-17
DR-1661,2025-06-06,Julien Marchand,Paulo Neves,EMEA - Southern Europe,Account 061 Holdings,Spain,Softcat,New Business,7 - Closed Won,"EUR 57,000.00",2025-07-18
DR-1772,2025-08-24,Elena Castells,Chiara Bruno,EMEA - Southern Europe,Account 172 GmbH,Portugal,Northbridge Data,Add-On,7 - Closed Won,156000,2026-01-18
DR-1039,08/09/2024,Julien Marchand,Paulo Neves,Southern Europe,Account 239 Group,Portugal,Ingram Micro,New Business,Expired,"$217,000",2025-03-12
DR-2358,2026-04-11,Lukas Brandt,Tobias Frank,DACH,Account 358 Ltd,Switzerland,Cancom,New Logo,2 - Approved,"EUR 54,000.00",2026-08-12
DR-1558,2025-05-19,Sigrid Halvorsen,Mollie Shaw,EMEA - UKI & Nordics - Commercial,Account 358 Holdings,Norway,Computacenter,New Business,7 - Closed Won,69000,2025-11-02
DR-2284,2026-04-21,Aoife Brennan,Priya Raman,UKI & Nordics,Account 284 Ltd,Sweden,SHI EMEA,Upsell,0 - Closed Lost,13000,2026-10-02
DR-1864,2025-09-05,Katharina Vogel,Tobias Frank,dach pod,Account 264 SAS,Austria,Northbridge Data,Renewal,Expired,"$43,000",2026-01-10
DR-1900,2025-10-07,Sigrid Halvorsen,Mollie Shaw,UKI/Nordics,Account 300 Ltd,Finland,Ingram Micro,New Business,2 - Approved,"$107,000",2026-03-31
DR-1637,2025-06-10,Niamh O'Connor,,Nordics,Account 037 Holdings,Sweden,Northbridge Data,New Business,Rejected - Duplicate,"$59,000",2025-11-27
DR-1429,2025-03-20,Elena Castells,Paulo Neves,EMEA - Southern Europe,Account 229 SpA,Portugal,SHI EMEA,New Business,Rejected - Duplicate,,2025-08-30
DR-1326,2025-01-24,Nadia Keller,Tobias Frank,EMEA - DACH - Enterprise,Account 126 Ltd,Austria,Computacenter,New Business,7 - Closed Won,"EUR 208,000.00",2025-04-14
DR-1734,03 Jul 2025,Elena Castells,Chiara Bruno,Southern Europe,Account 134 GmbH,Italy,Northbridge Data,New Business,7 - Closed Won,"EUR 48,000.00",2025-10-22
DR-2165,2026-02-03,Sofia Almeida,Chiara Bruno,EMEA - Southern Europe,Account 165 Holdings,Greece,Ingram Micro,Existing Business - Renewal,3 - Discovery,"$41,000",2026-03-04
DR-2643,2026-06-19,Channel Queue,,DACH,Queued Account 029,Germany,Computacenter,New Business,1 - Submitted,,
DR-1588,2025-05-22,Marco Ferrari,Chiara Bruno,EMEA - Southern Europe,Account 388 Ltd,France,Computacenter,Add-On,0 - Closed Lost,,2025-11-13
DR-1169,2024-11-10,Sigrid Halvorsen,,UKI/Nordics,Account 369 SAS,Ireland,SHI EMEA,New Business,7 - Closed Won,50000,2025-04-27
DR-1604,2025-05-28,Stefan Huber,,EMEA - DACH - Enterprise,Account 004 Ltd,Switzerland,Arrow ECS,Add-On,7 - Closed Won,"$196,000",2025-07-04
DR-2544,2026-07-28,Julien Marchand,Paulo Neves,SEMEA,Account 144 Ltd,France,Ingram Micro,New Logo,4 - Technical Validation,"EUR 69,000.00",2026-12-22
DR-1003,15/09/2024,Sigrid Halvorsen,Dan Eriksen,Nordics,Account 203 SpA,Ireland,Northbridge Data,New Business,Rejected - Duplicate,"$206,000",2025-01-26
DR-2405,05 May 2026,Julien Marchand,Paulo Neves,,Account 005 GmbH,Greece,Bechtle AG,Existing Business - Add-On,6 - Negotiation,,2026-06-25
DR-1556,2025-05-17,Tom Whitfield,Priya Raman,EMEA - UKI & Nordics - Commercial,Account 356 SAS,United Kingdom,SHI EMEA,Upsell,Rejected - Duplicate,"$45,000",2025-08-26
DR-2463,13/06/2026,Callum Reid,,UKI/Nordics,Account 063 Holdings,Finland,Northbridge Data,New Logo,5 - Proposal,"EUR 72,000.00",2026-10-31
DR-1470,2025-03-20,Katharina Vogel,Lena Wirth,DACH,Account 270 SpA,Switzerland,Northbridge Data,New Business,1 - Submitted,209000,2025-08-10
DR-1348,04 Feb 2025,Sigrid Halvorsen,Mollie Shaw,EMEA - UKI & Nordics - Commercial,Account 148 Holdings,United Kingdom,Cancom,Existing Business - Renewal,7 - Closed Won,180000,2025-03-28
DR-1989,01/11/2025,Lukas Brandt,Lena Wirth,dach pod,Account 389 Ltd,Austria,Econocom,Existing Business - Renewal,0 - Closed Lost,"$100,000",2025-12-24
DR-2355,2026-04-28,Lukas Brandt,Lena Wirth,DACH,Account 355 Ltd,Germany,Bechtle AG,Existing Business - Renewal,4 - Technical Validation,,2026-07-18
DR-1150,2024-11-21,Aoife Brennan,Dan Eriksen,UKI/Nordics,Account 350 AB,Ireland,Bechtle AG,Add-On,Rejected - Duplicate,"EUR 240,000.00",2025-04-10
DR-1780,2025-08-28,Elena Castells,Paulo Neves,EMEA - Southern Europe,Account 180 Ltd,Spain,SHI EMEA,Add-On,1 - Submitted,"$156,000",2026-01-01
DR-2648,2024-11-16,Channel Queue,,Southern Europe,Queued Account 034,Germany,Cancom,New Business,1 - Submitted,,
DR-2331,2026-04-21,Katharina Vogel,Tobias Frank,EMEA - DACH - Enterprise,Account 331 GmbH,Switzerland,TD Synnex,Upsell,1 - Submitted,"EUR 96,000.00",2026-06-11
DR-2552,2026-07-03,Sofia Almeida,,Southern Europe,Account 152 Group,Spain,Cancom,Existing Business - Renewal,4 - Technical Validation,"EUR 181,000.00",2026-11-16
DR-1789,2025-08-12,Katharina Vogel,Lena Wirth,,Account 189 GmbH,Germany,Bechtle AG,New Business,Rejected - Duplicate,"$148,000",2026-02-26
DR-2353,2026-04-22,Katharina Vogel,Lena Wirth,EMEA - DACH - Enterprise,Account 353 SAS,Germany,TD Synnex,Renewal,0 - Closed Lost,"$44,000",2026-07-06
DR-2013,03 Dec 2025,Sigrid Halvorsen,,Nordics,Account 013 AB,Denmark,Ingram Micro,New Logo,3 - Discovery,"$14,000",2026-01-31
DR-1163,2024-11-09,Aoife Brennan,Priya Raman,,Account 363 SAS,Sweden,Bechtle AG,Renewal,Rejected - Duplicate,"$66,000",2025-05-07
DR-2183,2026-02-26,Lukas Brandt,Lena Wirth,dach pod,Account 183 Group,Germany,Bechtle AG,Upsell,Rejected - Duplicate,"$167,000",2026-06-17
DR-1460,2025-03-13,Stefan Huber,,DACH,Account 260 GmbH,Switzerland,Arrow ECS,Renewal,0 - Closed Lost,"$127,000",2025-07-03
DR-1065,02/09/2024,Stefan Huber,Lena Wirth,EMEA - DACH - Enterprise,Account 265 Holdings,Germany,Econocom,Existing Business - Renewal,0 - Closed Lost,227000,2024-11-21
DR-2534,2026-07-24,Callum Reid,Dan Eriksen,UKI/Nordics,Account 134 SAS,United Kingdom,TD Synnex,Add-On,4 - Technical Validation,"EUR 216,000.00",2026-11-16
DR-1359,24 Feb 2025,Marco Ferrari,,Iberia,Account 159 Holdings,Greece,Arrow ECS,Renewal,Expired,83000,2025-08-09
DR-1954,07/11/2025,Tom Whitfield,,EMEA - UKI & Nordics - Commercial,Account 354 Holdings,Sweden,Arrow ECS,New Logo,3 - Discovery,,2026-04-28
DR-1653,2025-06-04,Sigrid Halvorsen,Priya Raman,Nordics,Account 053 Holdings,Finland,Cancom,New Business,7 - Closed Won,108000,2025-12-06
DR-1999,05/11/2025,Katharina Vogel,,DACH,Account 399 SpA,Switzerland,TD Synnex,Upsell,0 - Closed Lost,"EUR 236,000.00",2026-04-05
DR-1020,08/09/2024,Tom Whitfield,Priya Raman,EMEA - UKI & Nordics - Commercial,Account 220 Holdings,United Kingdom,Arrow ECS,Add-On,0 - Closed Lost,"$163,000",2025-03-16
DR-2268,2026-03-16,Lukas Brandt,Lena Wirth,dach pod,Account 268 SAS,Germany,Softcat,New Logo,7 - Closed Won,"EUR 44,000.00",2026-09-13
DR-2453,03/06/2026,Sigrid Halvorsen,Priya Raman,UKI & Nordics,Account 053 Holdings,Finland,SHI EMEA,New Logo,3 - Discovery,"$179,000",2026-07-25
DR-1652,2025-06-09,Callum Reid,Dan Eriksen,UKI & Nordics,Account 052 Holdings,Finland,Computacenter,New Business,7 - Closed Won,100000,2025-12-10
DR-2652,2026-06-19,Deal Reg Queue,,UKI & Nordics,Queued Account 038,Germany,Cancom,New Business,1 - Submitted,,
DR-1560,2025-05-04,Aoife Brennan,Dan Eriksen,EMEA - UKI & Nordics - Commercial,Account 360 GmbH,Sweden,Cancom,New Business,Rejected - Duplicate,,2025-07-29
DR-1034,14/09/2024,Julien Marchand,Chiara Bruno,SEMEA,Account 234 SpA,Portugal,Arrow ECS,Upsell,0 - Closed Lost,"$105,000",2024-12-11
DR-1873,2025-10-24,Callum Reid,Dan Eriksen,EMEA - UKI & Nordics - Commercial,Account 273 GmbH,Ireland,Computacenter,Upsell,Rejected - Duplicate,,2026-01-21
DR-1488,27/04/2025,Niamh O'Connor,Dan Eriksen,EMEA - UKI & Nordics - Commercial,Account 288 SAS,Ireland,Econocom,New Business,0 - Closed Lost,"$155,000",2025-09-17
DR-1026,25/09/2024,Tom Whitfield,Dan Eriksen,EMEA - UKI & Nordics - Commercial,Account 226 Group,Sweden,Econocom,Competitive Migration,0 - Closed Lost,184000,2025-03-25
DR-1783,2025-08-04,Lukas Brandt,Lena Wirth,EMEA - DACH - Enterprise,Account 183 AB,Austria,SHI EMEA,Add-On,6 - Negotiation,"EUR 41,000.00",2025-11-12
DR-1439,2025-03-22,Yannis Papadakis,,Iberia,Account 239 GmbH,Greece,Econocom,New Business,0 - Closed Lost,"EUR 83,000.00",2025-04-20
DR-1373,24 Feb 2025,Yannis Papadakis,,Iberia,Account 173 Group,Israel,Northbridge Data,Renewal,7 - Closed Won,"EUR 233,000.00",2025-04-26
DR-1719,01 Jul 2025,Aoife Brennan,Dan Eriksen,EMEA - UKI & Nordics - Commercial,Account 119 SpA,Ireland,Northbridge Data,New Business,0 - Closed Lost,"EUR 145,000.00",2025-11-28
DR-2282,2026-03-28,Katharina Vogel,,EMEA - DACH - Enterprise,Account 282 Holdings,Austria,Computacenter,New Logo,1 - Submitted,"$52,000",2026-07-08
DR-1650,2025-06-26,Callum Reid,Priya Raman,EMEA - UKI & Nordics - Commercial,Account 050 Ltd,Finland,Arrow ECS,New Business,,170000,2025-11-04
DR-1481,11/04/2025,Tom Whitfield,Dan Eriksen,UKI/Nordics,Account 281 GmbH,Denmark,Softcat,New Business,Expired,"$20,000",2025-07-10
DR-2397,02 May 2026,Sofia Almeida,Chiara Bruno,SEMEA,Account 397 GmbH,France,TD Synnex,New Logo,2 - Approved,"$28,000",2026-10-12
DR-1015,15/09/2024,Aoife Brennan,Dan Eriksen,,Account 215 Ltd,Norway,Bechtle AG,Migration,1 - Submitted,"$73,000",2024-11-06
DR-1505,07/04/2025,Elena Castells,,Southern Europe,Account 305 Holdings,Israel,Ingram Micro,Renewal,0 - Closed Lost,"$45,000",2025-06-16
DR-1694,2025-06-07,Lukas Brandt,,EMEA - DACH - Enterprise,Account 094 SAS,Switzerland,Bechtle AG,New Business,Expired,"$238,000",2025-08-02
DR-2542,2026-07-06,Julien Marchand,Paulo Neves,Southern Europe,Account 142 Holdings,Italy,Econocom,Existing Business - Renewal,5 - Proposal,"$59,000",2027-01-14
DR-1072,17/09/2024,Stefan Huber,Tobias Frank,,Account 272 Holdings,Germany,TD Synnex,New Business,Rejected - Duplicate,95000,2024-10-12
DR-1717,19 Jul 2025,Callum Reid,Priya Raman,UKI & Nordics,Account 117 AB,Norway,TD Synnex,Renewal,7 - Closed Won,63000,2025-12-02
DR-2094,2026-01-11,Marco Ferrari,Paulo Neves,Iberia,Account 094 Group,Italy,Cancom,New Logo,Expired,40000,2026-04-21
DR-2662,2024-03-08,Lukas Brandt,Tobias Frank,DACH,Old Account 008,Germany,Northbridge Data,New Business,7 - Closed Won,120000,2024-09-30
DR-1862,2025-09-12,Stefan Huber,Tobias Frank,EMEA - Other,Account 262 GmbH,Switzerland,SHI EMEA,Add-On,,162000,2025-11-12
DR-1658,2025-06-10,Tom Whitfield,Priya Raman,UKI/Nordics,Account 058 SAS,Finland,Computacenter,Migration,7 - Closed Won,"EUR 138,000.00",2025-12-22
DR-2038,24 Dec 2025,Julien Marchand,,Iberia,Account 038 Group,Italy,SHI EMEA,Renewal,0 - Closed Lost,,2026-04-09
DR-1539,24/04/2025,Stefan Huber,Lena Wirth,DACH,Account 339 Ltd,Germany,TD Synnex,Existing Business - Add-On,7 - Closed Won,"EUR 52,000.00",2025-08-30
DR-2272,2026-03-03,Lukas Brandt,Lena Wirth,EMEA - DACH - Enterprise,Account 272 Holdings,Germany,Ingram Micro,Upsell,0 - Closed Lost,171000,2026-08-05
DR-1203,2024-11-16,Lukas Brandt,,EMEA - DACH - Enterprise,Account 003 SpA,Switzerland,Northbridge Data,New Business,0 - Closed Lost,168000,2025-05-01
DR-1385,23 Feb 2025,Lukas Brandt,Tobias Frank,DACH,Account 185 SAS,Germany,Arrow ECS,New Business,7 - Closed Won,"EUR 20,000.00",2025-03-25
DR-2061,26 Dec 2025,Lukas Brandt,Tobias Frank,DACH,Account 061 SAS,Germany,Northbridge Data,Renewal,7 - Closed Won,"EUR 69,000.00",2026-03-04
DR-2184,2026-02-08,Katharina Vogel,Lena Wirth,EMEA - DACH - Enterprise,Account 184 Holdings,Austria,TD Synnex,New Logo,2 - Approved,184000,2026-07-04
DR-2417,20 May 2026,Katharina Vogel,Tobias Frank,EMEA - DACH - Enterprise,Account 017 GmbH,Austria,Econocom,New Logo,4 - Technical Validation,"EUR 123,000.00",2026-08-28
DR-1387,07 Feb 2025,Stefan Huber,Tobias Frank,EMEA - DACH - Enterprise,Account 187 AB,Austria,Ingram Micro,Migration,0 - Closed Lost,"EUR 231,000.00",2025-07-31
DR-1459,2025-03-08,Katharina Vogel,,dach pod,Account 259 Group,Switzerland,Arrow ECS,New Business,7 - Closed Won,"$15,000",2025-05-29
DR-2079,2026-01-18,Tom Whitfield,Dan Eriksen,UKI & Nordics,Account 079 SAS,United Kingdom,TD Synnex,New Logo,2 - Approved,"$211,000",2026-07-09
DR-2203,2026-03-01,Callum Reid,Mollie Shaw,UKI/Nordics,Account 203 GmbH,Sweden,Cancom,Existing Business - Add-On,5 - Proposal,"EUR 63,000.00",2026-04-02
DR-2247,2026-03-13,Marco Ferrari,Paulo Neves,Iberia,Account 247 AB,Portugal,TD Synnex,Existing Business - Renewal,Expired,,2026-08-28
DR-1839,2025-09-04,Marco Ferrari,Chiara Bruno,Southern Europe,Account 239 SpA,France,Cancom,Existing Business - Renewal,0 - Closed Lost,"EUR 198,000.00",2025-12-06
DR-1176,2024-11-16,Marco Ferrari,Paulo Neves,SEMEA,Account 376 AB,Spain,Arrow ECS,Add-On,0 - Closed Lost,204000,2024-12-30
DR-2610,2026-08-03,Lukas Brandt,Lena Wirth,EMEA - DACH - Enterprise,Account 210 Ltd,Germany,Computacenter,Existing Business - Renewal,1 - Submitted,"$85,000",2026-09-21
DR-1978,18/11/2025,Marco Ferrari,Paulo Neves,SEMEA,Account 378 Group,Greece,Northbridge Data,New Logo,7 - Closed Won,8000,2026-05-26
DR-1492,22/04/2025,Aoife Brennan,,UKI/Nordics,Account 292 Ltd,Finland,TD Synnex,Migration,0 - Closed Lost,213000,2025-06-18
DR-1308,2025-01-25,Lukas Brandt,Tobias Frank,DACH,Account 108 Holdings,Switzerland,Ingram Micro,Renewal,0 - Closed Lost,"$62,000",2025-06-08
DR-1909,2025-10-06,Elena Castells,Chiara Bruno,Iberia,Account 309 AB,Italy,Econocom,Existing Business - Renewal,5 - Proposal,235000,2025-12-09
DR-1258,2024-12-02,Lukas Brandt,Lena Wirth,dach pod,Account 058 SpA,Switzerland,Arrow ECS,New Business,0 - Closed Lost,"$64,000",2025-01-24
DR-2455,17/06/2026,Sigrid Halvorsen,Priya Raman,UKI & Nordics,Account 055 Ltd,Norway,Bechtle AG,Existing Business - Renewal,2 - Approved,11000,2026-09-13
DR-1324,2025-01-14,Stefan Huber,,DACH,Account 124 GmbH,Switzerland,TD Synnex,New Business,7 - Closed Won,"EUR 49,000.00",2025-07-13
DR-2023,20 Dec 2025,Erik Lindqvist,,EMEA - UKI & Nordics - Commercial,Account 023 Group,United Kingdom,Ingram Micro,New Logo,7 - Closed Won,118000,2026-05-05
DR-1715,06 Jul 2025,Sigrid Halvorsen,Priya Raman,UKI/Nordics,Account 115 GmbH,Denmark,Northbridge Data,New Business,7 - Closed Won,"$68,000",2025-08-16
DR-1491,08/04/2025,Niamh O'Connor,Priya Raman,UKI & Nordics,Account 291 AB,Ireland,Arrow ECS,Add-On,7 - Closed Won,52000,2025-10-16
DR-1744,04 Jul 2025,Katharina Vogel,Tobias Frank,DACH,Account 144 SAS,Germany,TD Synnex,New Business,7 - Closed Won,"$12,000",2025-11-04
DR-1289,2025-01-26,Elena Castells,,SEMEA,Account 089 Holdings,France,SHI EMEA,Existing Business - Renewal,7 - Closed Won,"EUR 122,000.00",2025-05-14
DR-2034,21 Dec 2025,Yannis Papadakis,,EMEA - Southern Europe,Account 034 SpA,Greece,SHI EMEA,New Logo,5 - Proposal,"EUR 73,000.00",2026-02-27
DR-1035,04/09/2024,Yannis Papadakis,Chiara Bruno,,Account 235 Holdings,Italy,Econocom,New Business,Rejected - Duplicate,132000,2024-10-27
DR-2378,11 May 2026,Aoife Brennan,Dan Eriksen,EMEA - UKI & Nordics - Commercial,Account 378 Ltd,Finland,Bechtle AG,New Logo,4 - Technical Validation,"$157,000",2026-09-22
DR-2636,2026-01-03,Channel Queue,,DACH,Queued Account 022,Germany,Northbridge Data,New Business,1 - Submitted,,
DR-1809,2025-09-02,Sigrid Halvorsen,Priya Raman,UKI/Nordics,Account 209 SAS,Finland,Computacenter,New Business,2 - Approved,"EUR 206,000.00",2025-12-31
DR-1054,26/09/2024,Lukas Brandt,Lena Wirth,,Account 254 SAS,Austria,Softcat,New Business,0 - Closed Lost,"$101,000",2024-12-31
DR-2086,2026-01-08,Sofia Almeida,,Southern Europe,Account 086 Holdings,Greece,Computacenter,New Logo,7 - Closed Won,"$217,000",2026-03-18
DR-2644,2024-11-05,Deal Reg Queue,,UKI & Nordics,Queued Account 030,Germany,Econocom,New Business,1 - Submitted,,
DR-2130,2026-02-20,Tom Whitfield,Dan Eriksen,Nordics,Account 130 GmbH,Finland,Cancom,New Logo,Rejected - Duplicate,"EUR 175,000.00",2026-07-11
DR-2170,2026-02-17,Lukas Brandt,,EMEA - DACH - Enterprise,Account 170 GmbH,Switzerland,Softcat,Existing Business - Add-On,7 - Closed Won,168000,2026-07-25
DR-1306,2025-01-23,Marco Ferrari,Chiara Bruno,EMEA - Southern Europe,Account 106 Group,Italy,Arrow ECS,New Business,7 - Closed Won,"$49,000",2025-07-09
DR-1624,2025-05-26,Stefan Huber,Tobias Frank,dach pod,Account 024 AB,Switzerland,Softcat,Renewal,Rejected - Duplicate,,2025-11-23
DR-1363,23 Feb 2025,Marco Ferrari,Chiara Bruno,SEMEA,Account 163 SpA,Greece,Northbridge Data,New Business,7 - Closed Won,"EUR 130,000.00",2025-08-29
DR-1675,2025-06-12,Elena Castells,Chiara Bruno,EMEA - Southern Europe,Account 075 SpA,Portugal,Bechtle AG,New Business,7 - Closed Won,"EUR 67,000.00",2025-09-11
DR-1904,2025-10-14,Sofia Almeida,Chiara Bruno,EMEA - Southern Europe,Account 304 Holdings,Israel,Arrow ECS,New Business,7 - Closed Won,"$45,000",2026-04-25
DR-1894,2025-10-18,Sigrid Halvorsen,,EMEA - UKI & Nordics - Commercial,Account 294 AB,Ireland,Northbridge Data,New Business,Expired,"EUR 13,000.00",2026-02-03
DR-2264,2026-03-28,Lukas Brandt,,EMEA - DACH - Enterprise,Account 264 Ltd,Austria,SHI EMEA,Renewal,7 - Closed Won,"$143,000",2026-08-09
DR-2374,04 May 2026,Callum Reid,Priya Raman,Nordics,Account 374 GmbH,Sweden,Softcat,New Logo,3 - Discovery,76000,2026-09-06
DR-1818,2025-09-21,Tom Whitfield,Mollie Shaw,Nordics,Account 218 Group,United Kingdom,Bechtle AG,Existing Business - Renewal,7 - Closed Won,"$107,000",2026-02-06
DR-1985,11/11/2025,Lukas Brandt,,DACH,Account 385 SpA,Austria,Econocom,Renewal,1 - Submitted,"EUR 217,000.00",2026-04-02
DR-2238,2026-03-02,Marco Ferrari,Chiara Bruno,Southern Europe,Account 238 SpA,Italy,Northbridge Data,Upsell,Expired,"EUR 89,000.00",2026-06-19
DR-2308,2026-04-07,Julien Marchand,Paulo Neves,,Account 308 SpA,Spain,Cancom,Existing Business - Renewal,1 - Submitted,195000,2026-09-27
DR-1206,2024-11-13,Katharina Vogel,Lena Wirth,DACH,Account 006 Holdings,Switzerland,Softcat,Add-On,Rejected - Duplicate,"$63,000",2025-03-04
DR-1113,2024-10-12,Yannis Papadakis,Paulo Neves,SEMEA,Account 313 SAS,Portugal,TD Synnex,New Business,0 - Closed Lost,"$32,000",2025-01-24
DR-1982,15/11/2025,Julien Marchand,,EMEA - Southern Europe,Account 382 Holdings,Greece,Bechtle AG,New Logo,2 - Approved,23000,2025-12-17
DR-2632,2025-10-20,Channel Queue,,UKI & Nordics,Queued Account 018,Germany,TD Synnex,New Business,1 - Submitted,,
DR-2407,05 May 2026,Katharina Vogel,Tobias Frank,EMEA - DACH - Enterprise,Account 007 Ltd,Switzerland,Ingram Micro,New Logo,7 - Closed Won,"$118,000",2026-10-06
DR-2021,10 Dec 2025,Callum Reid,,EMEA - UKI & Nordics - Commercial,Account 021 Ltd,Norway,Arrow ECS,New Logo,1 - Submitted,"$173,000",2026-01-28
DR-1201,2024-11-24,Katharina Vogel,Tobias Frank,EMEA - DACH - Enterprise,Account 001 GmbH,Germany,Computacenter,Existing Business - Add-On,7 - Closed Won,"EUR 25,000.00",2025-05-05
DR-1626,2025-05-26,Lukas Brandt,Tobias Frank,EMEA - DACH - Enterprise,Account 026 Group,Austria,Computacenter,Existing Business - Add-On,7 - Closed Won,"EUR 115,000.00",2025-08-12
DR-1888,2025-10-07,Tom Whitfield,Priya Raman,EMEA - UKI & Nordics - Commercial,Account 288 Holdings,Denmark,Ingram Micro,New Business,2 - Approved,"EUR 177,000.00",2026-03-22
DR-1878,2025-10-27,Sigrid Halvorsen,Priya Raman,UKI & Nordics,Account 278 Holdings,Sweden,Computacenter,New Business,0 - Closed Lost,102000,2026-04-01
DR-1701,2025-06-09,Katharina Vogel,Tobias Frank,EMEA - DACH - Enterprise,Account 101 SpA,Austria,SHI EMEA,Existing Business - Add-On,7 - Closed Won,163000,2025-12-21
DR-1791,2025-08-13,Katharina Vogel,Tobias Frank,EMEA - DACH - Enterprise,Account 191 Ltd,Austria,Ingram Micro,Add-On,7 - Closed Won,"EUR 109,000.00",2026-01-11
DR-2343,2026-04-22,Katharina Vogel,Lena Wirth,EMEA - DACH - Enterprise,Account 343 SpA,Switzerland,Econocom,Upsell,5 - Proposal,"EUR 132,000.00",2026-06-24
DR-1508,15/04/2025,Yannis Papadakis,Chiara Bruno,EMEA - Southern Europe,Account 308 AB,Spain,Econocom,Renewal,0 - Closed Lost,"$204,000",2025-08-18
DR-2193,2026-03-19,Aoife Brennan,Dan Eriksen,UKI & Nordics,Account 193 Group,Ireland,Softcat,Existing Business - Renewal,4 - Technical Validation,"$12,000",2026-09-19
DR-2014,04 Dec 2025,Aoife Brennan,,Nordics,Account 014 AB,Denmark,Softcat,Renewal,Expired,"EUR 197,000.00",2026-02-12
DR-2290,2026-04-08,Erik Lindqvist,Priya Raman,EMEA - UKI & Nordics - Commercial,Account 290 SpA,Ireland,Cancom,Upsell,0 - Closed Lost,"EUR 216,000.00",2026-08-14
DR-1295,2025-01-18,Yannis Papadakis,Paulo Neves,Southern Europe,Account 095 SAS,Italy,Ingram Micro,Existing Business - Add-On,0 - Closed Lost,"$69,000",2025-06-05
DR-2334,2026-04-17,Katharina Vogel,Tobias Frank,DACH,Account 334 Group,Switzerland,TD Synnex,New Logo,6 - Negotiation,"EUR 176,000.00",2026-05-15
DR-1545,10/04/2025,Lukas Brandt,Tobias Frank,DACH,Account 345 Ltd,Switzerland,Econocom,New Business,1 - Submitted,25000,2025-09-02
DR-1930,2025-10-16,Katharina Vogel,Tobias Frank,dach pod,Account 330 GmbH,Germany,Northbridge Data,New Business,0 - Closed Lost,,2026-02-11
DR-2163,2026-02-19,Marco Ferrari,,EMEA - Southern Europe,Account 163 Ltd,Italy,Northbridge Data,New Logo,3 - Discovery,"EUR 111,000.00",2026-03-21
DR-2368,09 May 2026,Erik Lindqvist,,Nordics,Account 368 SAS,United Kingdom,TD Synnex,New Logo,1 - Submitted,"$136,000",2026-10-21
DR-1476,2025-03-06,Lukas Brandt,,DACH,Account 276 Group,Germany,Econocom,Add-On,0 - Closed Lost,"EUR 13,000.00",2025-07-12
DR-1564,2025-05-07,Tom Whitfield,Mollie Shaw,UKI/Nordics,Account 364 SpA,Sweden,Northbridge Data,Renewal,7 - Closed Won,"EUR 57,000.00",2025-10-24
DR-2226,2026-03-28,Aoife Brennan,Mollie Shaw,Nordics,Account 226 Ltd,Norway,Bechtle AG,Renewal,3 - Discovery,"$58,000",2026-07-17
DR-2111,2026-01-15,Katharina Vogel,Lena Wirth,DACH,Account 111 SAS,Switzerland,Northbridge Data,Renewal,1 - Submitted,"EUR 212,000.00",2026-07-14
DR-2559,2026-07-23,Katharina Vogel,Lena Wirth,EMEA - DACH - Enterprise,Account 159 SpA,Germany,Econocom,New Logo,6 - Negotiation,,2027-01-08
DR-1669,2025-06-20,Elena Castells,,EMEA - Other,Account 069 SpA,Israel,Cancom,Competitive Migration,7 - Closed Won,"EUR 186,000.00",2025-12-14
DR-2574,2026-08-14,Tom Whitfield,,UKI/Nordics,Account 174 Holdings,United Kingdom,Econocom,New Logo,4 - Technical Validation,"EUR 219,000.00",2026-10-31
DR-1921,2025-10-09,Lukas Brandt,,EMEA - DACH - Enterprise,Account 321 Group,Austria,Arrow ECS,New Business,Expired,"EUR 161,000.00",2025-12-26
DR-2517,09/06/2026,Katharina Vogel,Lena Wirth,,Account 117 AB,Austria,SHI EMEA,Existing Business - Renewal,7 - Closed Won,201000,2026-12-24
DR-1721,21 Jul 2025,Aoife Brennan,Dan Eriksen,Nordics,Account 121 Ltd,Norway,Cancom,Existing Business - Renewal,5 - Proposal,"$110,000",2025-09-23
DR-1659,2025-06-13,Aoife Brennan,Mollie Shaw,UKI/Nordics,Account 059 SpA,Norway,Northbridge Data,New Business,7 - Closed Won,"EUR 12,000.00",2025-12-17
DR-1511,03/04/2025,Yannis Papadakis,Paulo Neves,Iberia,Account 311 AB,Israel,SHI EMEA,New Business,Rejected - Duplicate,"$214,000",2025-08-13
DR-2214,2026-03-16,Erik Lindqvist,Dan Eriksen,UKI/Nordics,Account 214 Holdings,Norway,Cancom,New Logo,6 - Negotiation,93000,2026-04-26
DR-1574,2025-05-26,Tom Whitfield,Priya Raman,UKI/Nordics,Account 374 Holdings,Finland,Arrow ECS,Renewal,0 - Closed Lost,190000,2025-07-23
DR-1200,2024-11-14,Lukas Brandt,Lena Wirth,dach pod,Account 000 SpA,Austria,Arrow ECS,Competitive Migration,7 - Closed Won,"$151,000",2025-02-08
DR-2148,2026-02-18,Callum Reid,Priya Raman,Nordics,Account 148 Ltd,United Kingdom,SHI EMEA,New Logo,7 - Closed Won,"$43,000",2026-03-22
DR-1733,09 Jul 2025,Elena Castells,Paulo Neves,SEMEA,Account 133 AB,Italy,Northbridge Data,Existing Business - Renewal,7 - Closed Won,"$35,000",2025-09-17
DR-2618,2026-06-24,Channel Queue,,DACH,Queued Account 004,Germany,Softcat,New Business,1 - Submitted,,
DR-2671,2024-04-01,Lukas Brandt,Tobias Frank,DACH,Old Account 017,Germany,SHI EMEA,New Business,7 - Closed Won,120000,2024-09-30
DR-1311,2025-01-20,Lukas Brandt,Lena Wirth,EMEA - DACH - Enterprise,Account 111 Holdings,Austria,Northbridge Data,Existing Business - Renewal,0 - Closed Lost,170000,2025-05-29
DR-2010,18 Dec 2025,Aoife Brennan,Priya Raman,UKI & Nordics,Account 010 AB,Finland,Cancom,Renewal,0 - Closed Lost,"$52,000",2026-06-02
DR-2133,2026-02-03,Aoife Brennan,Priya Raman,UKI/Nordics,Account 133 Ltd,United Kingdom,Northbridge Data,Add-On,1 - Submitted,"EUR 90,000.00",2026-06-21
DR-1863,2025-09-16,Katharina Vogel,Lena Wirth,dach pod,Account 263 Group,Germany,Softcat,Upsell,Rejected - Duplicate,"EUR 60,000.00",2025-12-05
DR-1741,03 Jul 2025,Katharina Vogel,Lena Wirth,DACH,Account 141 SAS,Switzerland,SHI EMEA,Upsell,Rejected - Duplicate,"$57,000",2025-10-14
DR-2514,22/06/2026,Katharina Vogel,Lena Wirth,EMEA - DACH - Enterprise,Account 114 Holdings,Germany,Ingram Micro,Renewal,7 - Closed Won,203000,2027-01-07
DR-1988,19/11/2025,Lukas Brandt,Tobias Frank,DACH,Account 388 GmbH,Germany,Arrow ECS,Renewal,4 - Technical Validation,"$111,000",2026-05-24
DR-1104,2024-10-12,Aoife Brennan,Mollie Shaw,UKI/Nordics,Account 304 AB,Sweden,Cancom,New Business,,"$187,000",2025-01-21
DR-2667,2024-04-12,Lukas Brandt,Tobias Frank,DACH,Old Account 013,Germany,Econocom,New Business,7 - Closed Won,120000,2024-09-30
DR-1835,2025-09-24,Elena Castells,Paulo Neves,Iberia,Account 235 SpA,Spain,SHI EMEA,New Business,0 - Closed Lost,"EUR 123,000.00",2026-03-24
DR-1685,2025-06-02,Stefan Huber,,dach pod,Account 085 SAS,Switzerland,Bechtle AG,New Business,7 - Closed Won,175000,2025-09-14
DR-2318,2026-04-01,Julien Marchand,Chiara Bruno,SEMEA,Account 318 AB,Israel,Cancom,Upsell,3 - Discovery,13000,2026-10-14
DR-1390,28 Feb 2025,Lukas Brandt,Lena Wirth,EMEA - DACH - Enterprise,Account 190 GmbH,Germany,Bechtle AG,Existing Business - Renewal,Expired,119000,2025-05-01
DR-2428,15 May 2026,Lukas Brandt,,dach pod,Account 028 GmbH,Switzerland,Arrow ECS,New Logo,3 - Discovery,98000,2026-07-05
DR-1984,19/11/2025,Lukas Brandt,Lena Wirth,,Account 384 SpA,Austria,Northbridge Data,Renewal,1 - Submitted,142000,2026-01-10
DR-2224,2026-03-14,Erik Lindqvist,Priya Raman,UKI & Nordics,Account 224 SAS,Finland,Ingram Micro,Existing Business - Renewal,4 - Technical Validation,"$220,000",2026-04-28
DR-1447,2025-03-23,Marco Ferrari,Chiara Bruno,Southern Europe,Account 247 Ltd,Spain,Northbridge Data,New Business,7 - Closed Won,38000,2025-09-23
DR-1500,04/04/2025,Aoife Brennan,,Nordics,Account 300 Group,Ireland,Econocom,New Business,7 - Closed Won,"$156,000",2025-10-15
DR-1019,28/09/2024,Tom Whitfield,Mollie Shaw,EMEA - Other,Account 219 SAS,Finland,Cancom,New Business,0 - Closed Lost,"$87,000",2024-10-30
DR-2590,2026-08-23,Elena Castells,Paulo Neves,EMEA - Southern Europe,Account 190 AB,Portugal,Bechtle AG,Existing Business - Renewal,5 - Proposal,238000,2026-12-11
DR-1179,2024-11-05,Julien Marchand,Chiara Bruno,SEMEA,Account 379 Holdings,Israel,Softcat,New Business,4 - Technical Validation,,2025-05-12
DR-1062,08/09/2024,Katharina Vogel,Tobias Frank,dach pod,Account 262 SpA,Austria,Softcat,New Business,Expired,,2024-12-23
DR-1234,2024-12-15,Yannis Papadakis,Chiara Bruno,Iberia,Account 034 SpA,Portugal,Computacenter,New Business,7 - Closed Won,236000,2025-03-29
DR-1434,2025-03-06,Elena Castells,Paulo Neves,SEMEA,Account 234 SpA,Greece,Ingram Micro,Existing Business - Renewal,0 - Closed Lost,"$53,000",2025-06-15
DR-1950,21/11/2025,Aoife Brennan,,EMEA - UKI & Nordics - Commercial,Account 350 Group,Norway,Cancom,Add-On,7 - Closed Won,"$138,000",2026-02-06
DR-1366,04 Feb 2025,Marco Ferrari,Chiara Bruno,Iberia,Account 166 Group,Greece,Northbridge Data,Existing Business - Renewal,,,2025-06-17
DR-2380,02 May 2026,Callum Reid,Priya Raman,EMEA - UKI & Nordics - Commercial,Account 380 Holdings,Ireland,TD Synnex,Existing Business - Add-On,7 - Closed Won,"$51,000",2026-10-14
DR-2292,2026-04-26,Sigrid Halvorsen,Mollie Shaw,EMEA - UKI & Nordics - Commercial,Account 292 Holdings,Norway,Computacenter,New Logo,4 - Technical Validation,"$33,000",2026-10-10
DR-2393,14 May 2026,Julien Marchand,,EMEA - Southern Europe,Account 393 GmbH,France,Arrow ECS,Competitive Migration,2 - Approved,,2026-11-14
DR-2329,2026-04-17,Katharina Vogel,,EMEA - DACH - Enterprise,Account 329 SpA,Switzerland,Northbridge Data,New Logo,2 - Approved,"$27,000",2026-09-17
DR-1147,2024-10-19,Stefan Huber,Lena Wirth,EMEA - DACH - Enterprise,Account 347 Ltd,Germany,TD Synnex,New Business,Expired,"$166,000",2025-03-14
DR-2048,23 Dec 2025,Stefan Huber,Lena Wirth,dach pod,Account 048 Group,Germany,Econocom,Renewal,7 - Closed Won,"EUR 144,000.00",2026-02-23
DR-1331,2025-01-20,Stefan Huber,,EMEA - Other,Account 131 SAS,Germany,Bechtle AG,New Business,7 - Closed Won,"$178,000",2025-05-06
DR-1799,2025-09-01,Tom Whitfield,Dan Eriksen,Nordics,Account 199 AB,Finland,Ingram Micro,New Business,7 - Closed Won,30000,2025-11-21
DR-1069,20/09/2024,Jonas Richter,Lena Wirth,DACH,Account 269 Group,Austria,Arrow ECS,New Business,7 - Closed Won,"$220,000",2025-02-28
DR-2596,2026-08-03,Julien Marchand,Paulo Neves,Iberia,Account 196 GmbH,France,Ingram Micro,New Logo,3 - Discovery,43000,2026-12-31
DR-1267,2025-01-07,Aoife Brennan,Dan Eriksen,UKI & Nordics,Account 067 SpA,Norway,TD Synnex,New Business,Rejected - Duplicate,"$80,000",2025-06-30
DR-1996,10/11/2025,Jonas Richter,Tobias Frank,EMEA - DACH - Enterprise,Account 396 AB,Germany,Econocom,New Logo,Expired,"$217,000",2026-01-04
DR-2451,23/06/2026,Erik Lindqvist,Priya Raman,EMEA - UKI & Nordics - Commercial,Account 051 GmbH,United Kingdom,TD Synnex,Existing Business - Renewal,6 - Negotiation,,2026-11-02
DR-2259,2026-03-01,Katharina Vogel,Lena Wirth,dach pod,Account 259 SpA,Switzerland,Econocom,Competitive Migration,Rejected - Duplicate,"$13,000",2026-08-02
DR-1479,27/04/2025,Sigrid Halvorsen,,EMEA - UKI & Nordics - Commercial,Account 279 SAS,Ireland,Softcat,New Business,7 - Closed Won,"EUR 211,000.00",2025-08-09
DR-1688,2025-06-24,Stefan Huber,Tobias Frank,DACH,Account 088 SpA,Switzerland,Arrow ECS,Existing Business - Renewal,0 - Closed Lost,"EUR 50,000.00",2026-01-01
DR-2036,28 Dec 2025,Marco Ferrari,Chiara Bruno,Southern Europe,Account 036 GmbH,Greece,Econocom,Existing Business - Renewal,Expired,93000,2026-03-03
DR-1514,05/04/2025,Elena Castells,Chiara Bruno,EMEA - Southern Europe,Account 314 Ltd,Italy,Econocom,New Business,Expired,"$233,000",2025-05-12
DR-2317,2026-04-22,Marco Ferrari,,Iberia,Account 317 SAS,Italy,Computacenter,Renewal,1 - Submitted,"EUR 147,000.00",2026-08-14
DR-1047,17/09/2024,Julien Marchand,Paulo Neves,EMEA - Southern Europe,Account 247 GmbH,Portugal,Computacenter,New Business,1 - Submitted,,2025-01-15
DR-1769,2025-08-05,Aoife Brennan,Dan Eriksen,EMEA - UKI & Nordics - Commercial,Account 169 Holdings,Denmark,Softcat,New Business,0 - Closed Lost,"$93,000",2025-09-18
DR-1487,28/04/2025,Aoife Brennan,Priya Raman,Nordics,Account 287 Ltd,Finland,Cancom,New Business,Rejected - Duplicate,35000,2025-07-26
DR-2303,2026-04-25,Callum Reid,Dan Eriksen,UKI & Nordics,Account 303 Ltd,Norway,Computacenter,Add-On,0 - Closed Lost,"$66,000",2026-10-21
DR-1170,2024-11-26,Niamh O'Connor,,EMEA - UKI & Nordics - Commercial,Account 370 SAS,Finland,Econocom,New Business,0 - Closed Lost,"EUR 51,000.00",2025-05-27
DR-2202,2026-03-23,Callum Reid,,UKI/Nordics,Account 202 GmbH,Ireland,Softcat,Existing Business - Renewal,4 - Technical Validation,"EUR 9,000.00",2026-07-24
DR-1931,2025-10-06,Nadia Keller,Tobias Frank,dach pod,Account 331 SpA,Switzerland,Econocom,Existing Business - Renewal,7 - Closed Won,"EUR 206,000.00",2026-01-16
DR-1743,07 Jul 2025,Lukas Brandt,Tobias Frank,dach pod,Account 143 Holdings,Austria,TD Synnex,New Business,7 - Closed Won,"$197,000",2026-01-05
DR-2337,2026-04-05,Katharina Vogel,Lena Wirth,dach pod,Account 337 AB,Austria,Bechtle AG,Existing Business - Renewal,3 - Discovery,,2026-10-10
DR-1362,11 Feb 2025,Sofia Almeida,Chiara Bruno,Iberia,Account 162 SAS,Portugal,SHI EMEA,New Business,7 - Closed Won,68000,2025-08-16
DR-2518,11/06/2026,Katharina Vogel,Tobias Frank,EMEA - DACH - Enterprise,Account 118 SAS,Switzerland,Bechtle AG,New Logo,2 - Approved,"$150,000",2026-08-20
DR-1981,18/11/2025,Marco Ferrari,Chiara Bruno,Southern Europe,Account 381 GmbH,Portugal,Northbridge Data,New Logo,1 - Submitted,57000,2026-05-03
DR-1971,04/11/2025,Julien Marchand,,EMEA - Southern Europe,Account 371 SAS,Italy,SHI EMEA,New Logo,0 - Closed Lost,"$74,000",2026-01-23
DR-2005,07/11/2025,Katharina Vogel,,,Account 005 Group,Austria,Computacenter,New Logo,3 - Discovery,"EUR 165,000.00",2026-03-02
DR-1903,2025-10-17,Julien Marchand,Paulo Neves,EMEA - Southern Europe,Account 303 GmbH,Portugal,Bechtle AG,New Business,6 - Negotiation,"EUR 63,000.00",2026-04-15
DR-1502,14/04/2025,Tom Whitfield,Mollie Shaw,EMEA - UKI & Nordics - Commercial,Account 302 Holdings,Denmark,Computacenter,New Business,7 - Closed Won,,2025-07-25
DR-1378,03 Feb 2025,Lukas Brandt,Lena Wirth,EMEA - DACH - Enterprise,Account 178 Ltd,Germany,TD Synnex,New Business,,30000,2025-07-16
DR-1263,2025-01-13,Sigrid Halvorsen,Mollie Shaw,UKI/Nordics,Account 063 AB,Denmark,Softcat,New Business,Expired,"$197,000",2025-07-22
DR-1233,2024-12-28,Sofia Almeida,Paulo Neves,EMEA - Other,Account 033 SpA,Greece,Ingram Micro,New Business,0 - Closed Lost,"EUR 150,000.00",2025-03-11
DR-1251,2024-12-15,Lukas Brandt,Tobias Frank,EMEA - DACH - Enterprise,Account 051 AB,Germany,Softcat,New Business,7 - Closed Won,136000,2025-03-19
DR-2474,12/06/2026,Tom Whitfield,,UKI/Nordics,Account 074 Group,Ireland,Computacenter,New Logo,4 - Technical Validation,"$93,000",2026-12-17
DR-1964,21/11/2025,Tom Whitfield,Mollie Shaw,UKI & Nordics,Account 364 Group,Finland,TD Synnex,New Logo,Expired,"$154,000",2026-02-24
DR-2181,2026-02-07,Lukas Brandt,Lena Wirth,DACH,Account 181 SAS,Switzerland,Cancom,Add-On,2 - Approved,130000,2026-03-05
DR-2634,2025-11-28,Deal Reg Queue,,Southern Europe,Queued Account 020,Germany,Ingram Micro,New Business,1 - Submitted,,
DR-2511,20/06/2026,Katharina Vogel,Tobias Frank,EMEA - DACH - Enterprise,Account 111 SpA,Switzerland,Bechtle AG,Add-On,6 - Negotiation,"EUR 61,000.00",2026-12-04
DR-1085,2024-10-16,Niamh O'Connor,Dan Eriksen,UKI & Nordics,Account 285 GmbH,Sweden,Computacenter,New Business,7 - Closed Won,"EUR 129,000.00",2025-04-05
DR-1794,2025-08-01,Lukas Brandt,Tobias Frank,DACH,Account 194 Holdings,Switzerland,Ingram Micro,New Business,7 - Closed Won,"EUR 157,000.00",2025-11-26
DR-1057,19/09/2024,Katharina Vogel,,,Account 257 SpA,Germany,TD Synnex,New Business,0 - Closed Lost,"$132,000",2025-02-03
DR-1042,07/09/2024,Elena Castells,,EMEA - Southern Europe,Account 242 Group,France,Northbridge Data,Renewal,0 - Closed Lost,"$106,000",2025-01-20
DR-2411,09 May 2026,Katharina Vogel,Tobias Frank,dach pod,Account 011 SpA,Germany,Computacenter,Existing Business - Renewal,5 - Proposal,"$63,000",2026-10-09
DR-2024,18 Dec 2025,Tom Whitfield,Dan Eriksen,Nordics,Account 024 Ltd,Norway,Bechtle AG,Existing Business - Renewal,7 - Closed Won,"EUR 172,000.00",2026-03-26
DR-2533,2026-07-01,Callum Reid,Mollie Shaw,UKI/Nordics,Account 133 SpA,Norway,Computacenter,New Logo,6 - Negotiation,"$169,000",2026-08-08
DR-1521,22/04/2025,Elena Castells,Paulo Neves,EMEA - Southern Europe,Account 321 Holdings,France,Cancom,Renewal,0 - Closed Lost,35000,2025-08-04
DR-1829,2025-09-03,Sofia Almeida,Chiara Bruno,Southern Europe,Account 229 AB,Israel,Arrow ECS,Existing Business - Renewal,7 - Closed Won,179000,2025-10-19
DR-2138,2026-02-10,Tom Whitfield,Priya Raman,Nordics,Account 138 GmbH,Sweden,Cancom,New Logo,4 - Technical Validation,,2026-03-25
DR-2656,2024-01-20,Lukas Brandt,Tobias Frank,DACH,Old Account 002,Germany,Arrow ECS,New Business,7 - Closed Won,120000,2024-09-30
DR-1742,24 Jul 2025,Stefan Huber,Tobias Frank,EMEA - DACH - Enterprise,Account 142 SpA,Austria,TD Synnex,Competitive Migration,2 - Approved,"EUR 25,000.00",2026-01-10
DR-1567,2025-05-02,Sigrid Halvorsen,Priya Raman,Nordics,Account 367 AB,Finland,TD Synnex,New Business,Rejected - Duplicate,35000,2025-05-28
DR-2294,2026-04-17,Aoife Brennan,Mollie Shaw,Nordics,Account 294 AB,Sweden,Cancom,New Logo,5 - Proposal,71000,2026-05-17
DR-1444,2025-03-18,Yannis Papadakis,Paulo Neves,EMEA - Southern Europe,Account 244 AB,Israel,Ingram Micro,Add-On,0 - Closed Lost,"EUR 138,000.00",2025-09-20
DR-1400,2025-03-01,Sigrid Halvorsen,,EMEA - UKI & Nordics - Commercial,Account 200 SAS,Denmark,SHI EMEA,Upsell,Rejected - Duplicate,56000,2025-09-06
DR-2402,28 May 2026,Sofia Almeida,Chiara Bruno,EMEA - Southern Europe,Account 002 GmbH,France,Northbridge Data,Existing Business - Renewal,2 - Approved,93000,2026-08-31
DR-1499,18/04/2025,Callum Reid,Mollie Shaw,UKI/Nordics,Account 299 SpA,Norway,Ingram Micro,New Business,Expired,185000,2025-07-06
DR-1076,15/09/2024,Lukas Brandt,,dach pod,Account 276 SAS,Germany,SHI EMEA,New Business,Expired,87000,2024-11-19
DR-2054,09 Dec 2025,Lukas Brandt,Tobias Frank,,Account 054 Ltd,Switzerland,Bechtle AG,New Logo,1 - Submitted,"$223,000",2026-01-17
DR-1454,2025-03-25,Jonas Richter,,EMEA - DACH - Enterprise,Account 254 AB,Austria,Cancom,Existing Business - Add-On,0 - Closed Lost,"EUR 232,000.00",2025-08-26
DR-1752,2025-08-10,Aoife Brennan,Mollie Shaw,UKI/Nordics,Account 152 Holdings,United Kingdom,Bechtle AG,Existing Business - Renewal,Rejected - Duplicate,210000,2025-10-30
DR-1153,2024-11-08,Aoife Brennan,Dan Eriksen,UKI & Nordics,Account 353 SpA,Sweden,SHI EMEA,Migration,0 - Closed Lost,"EUR 23,000.00",2025-03-08
DR-2271,2026-03-27,Katharina Vogel,Tobias Frank,DACH,Account 271 Group,Austria,Arrow ECS,Add-On,6 - Negotiation,"$69,000",2026-07-06
DR-1129,2024-10-03,Marco Ferrari,,SEMEA,Account 329 AB,Israel,Bechtle AG,Renewal,Rejected - Duplicate,"EUR 80,000.00",2024-12-12
DR-2000,27/11/2025,Nadia Keller,Tobias Frank,dach pod,Account 000 Group,Germany,TD Synnex,Migration,0 - Closed Lost,68000,2026-05-23
DR-1529,23/04/2025,Nadia Keller,,EMEA - DACH - Enterprise,Account 329 GmbH,Switzerland,Arrow ECS,New Business,0 - Closed Lost,"$136,000",2025-08-22
DR-1312,2025-01-19,Katharina Vogel,,dach pod,Account 112 AB,Germany,TD Synnex,New Business,Rejected - Duplicate,"EUR 166,000.00",2025-04-29
DR-1622,2025-05-16,Lukas Brandt,Lena Wirth,DACH,Account 022 SAS,Switzerland,Cancom,Competitive Migration,Expired,"$173,000",2025-08-21
DR-1561,2025-05-13,Sigrid Halvorsen,Priya Raman,UKI & Nordics,Account 361 SpA,Ireland,SHI EMEA,Migration,7 - Closed Won,,2025-10-26
DR-1709,18 Jul 2025,Callum Reid,Dan Eriksen,UKI & Nordics,Account 109 Ltd,Ireland,Bechtle AG,New Business,0 - Closed Lost,"EUR 102,000.00",2025-12-09
DR-1375,02 Feb 2025,Lukas Brandt,,dach pod,Account 175 Group,Switzerland,TD Synnex,Add-On,0 - Closed Lost,9000,2025-07-29
DR-2199,2026-03-27,Tom Whitfield,Mollie Shaw,Nordics,Account 199 Ltd,Denmark,Cancom,New Logo,4 - Technical Validation,"EUR 109,000.00",2026-10-13
DR-2536,2026-07-23,Callum Reid,Dan Eriksen,EMEA - UKI & Nordics - Commercial,Account 136 AB,United Kingdom,SHI EMEA,New Logo,5 - Proposal,"EUR 185,000.00",2027-01-18
DR-2126,2026-02-24,Tom Whitfield,,Nordics,Account 126 GmbH,Denmark,Econocom,Existing Business - Add-On,2 - Approved,"EUR 9,000.00",2026-06-10
DR-1010,05/09/2024,Sigrid Halvorsen,Priya Raman,EMEA - UKI & Nordics - Commercial,Account 210 SpA,Ireland,Bechtle AG,New Business,0 - Closed Lost,,2025-01-10
DR-1358,24 Feb 2025,Elena Castells,Paulo Neves,Southern Europe,Account 158 SAS,Portugal,Arrow ECS,New Business,0 - Closed Lost,"$187,000",2025-09-07
DR-2602,2026-08-14,Lukas Brandt,,DACH,Account 202 SAS,Switzerland,Bechtle AG,New Logo,5 - Proposal,"EUR 237,000.00",2026-10-23
DR-1383,07 Feb 2025,Katharina Vogel,,DACH,Account 183 AB,Austria,Bechtle AG,Existing Business - Renewal,7 - Closed Won,"EUR 38,000.00",2025-07-19
DR-1503,21/04/2025,Yannis Papadakis,Chiara Bruno,EMEA - Southern Europe,Account 303 Ltd,Italy,Ingram Micro,Renewal,Expired,"EUR 71,000.00",2025-06-03
DR-1602,2025-05-05,Katharina Vogel,,DACH,Account 002 AB,Germany,Computacenter,New Business,0 - Closed Lost,"$79,000",2025-06-02
DR-1175,2024-11-15,Julien Marchand,Chiara Bruno,Southern Europe,Account 375 GmbH,Italy,Northbridge Data,New Business,,"$193,000",2025-05-01
DR-2117,2026-02-23,Sigrid Halvorsen,Mollie Shaw,UKI & Nordics,Account 117 Holdings,United Kingdom,TD Synnex,New Logo,1 - Submitted,92000,2026-05-19
DR-1453,2025-03-28,Lukas Brandt,,DACH,Account 253 GmbH,Germany,TD Synnex,New Business,0 - Closed Lost,"$233,000",2025-06-04
DR-1884,2025-10-14,Tom Whitfield,,UKI & Nordics,Account 284 SAS,Ireland,Bechtle AG,Existing Business - Add-On,0 - Closed Lost,231000,2026-04-14
DR-1226,2024-12-13,Aoife Brennan,Dan Eriksen,EMEA - UKI & Nordics - Commercial,Account 026 Holdings,United Kingdom,Cancom,Add-On,Rejected - Duplicate,"EUR 49,000.00",2025-04-10
DR-1858,2025-09-14,Stefan Huber,,dach pod,Account 258 AB,Germany,Bechtle AG,Existing Business - Renewal,7 - Closed Won,"$32,000",2026-02-16
DR-1785,2025-08-05,Lukas Brandt,Lena Wirth,,Account 185 SAS,Switzerland,Econocom,New Business,7 - Closed Won,156000,2026-01-11
DR-1938,2025-10-16,Lukas Brandt,,,Account 338 AB,Germany,TD Synnex,New Business,0 - Closed Lost,"EUR 148,000.00",2026-02-28
DR-1414,2025-03-23,Niamh O'Connor,,UKI/Nordics,Account 214 SpA,Finland,Arrow ECS,New Business,0 - Closed Lost,,2025-10-01
DR-1178,2024-11-25,Marco Ferrari,Paulo Neves,Southern Europe,Account 378 Holdings,France,Northbridge Data,New Business,7 - Closed Won,"EUR 190,000.00",2025-05-26
DR-2104,2026-01-24,Lukas Brandt,Lena Wirth,EMEA - DACH - Enterprise,Account 104 Group,Switzerland,Computacenter,New Logo,0 - Closed Lost,"$106,000",2026-06-05
DR-1859,2025-09-02,Lukas Brandt,Tobias Frank,dach pod,Account 259 SpA,Austria,Northbridge Data,New Business,0 - Closed Lost,"EUR 128,000.00",2025-12-29
DR-1167,2024-11-02,Tom Whitfield,,EMEA - UKI & Nordics - Commercial,Account 367 AB,United Kingdom,Northbridge Data,New Business,7 - Closed Won,"$105,000",2025-02-01
DR-2390,05 May 2026,Sigrid Halvorsen,,UKI/Nordics,Account 390 SAS,United Kingdom,Northbridge Data,New Logo,Expired,,2026-06-06
DR-1819,2025-09-22,Tom Whitfield,Mollie Shaw,Nordics,Account 219 SAS,Ireland,Softcat,Existing Business - Renewal,Rejected - Duplicate,47000,2026-04-02
DR-1755,2025-08-18,Tom Whitfield,Dan Eriksen,UKI & Nordics,Account 155 GmbH,Sweden,Softcat,Renewal,7 - Closed Won,210000,2026-01-13
DR-2212,2026-03-25,Sigrid Halvorsen,,UKI & Nordics,Account 212 GmbH,Sweden,Bechtle AG,New Logo,4 - Technical Validation,"EUR 150,000.00",2026-06-10
DR-2042,13 Dec 2025,Marco Ferrari,Paulo Neves,Southern Europe,Account 042 Ltd,Spain,Computacenter,New Logo,0 - Closed Lost,,2026-03-11
DR-2624,2025-01-19,Channel Queue,,DACH,Queued Account 010,Germany,Cancom,New Business,1 - Submitted,,
DR-2065,2026-01-26,Sigrid Halvorsen,Dan Eriksen,UKI & Nordics,Account 065 AB,Sweden,Econocom,New Logo,6 - Negotiation,74000,2026-03-18
DR-1778,2025-08-04,Marco Ferrari,,EMEA - Southern Europe,Account 178 Holdings,Greece,TD Synnex,New Business,7 - Closed Won,"EUR 177,000.00",2026-02-03
DR-1212,2024-11-10,Lukas Brandt,Tobias Frank,EMEA - DACH - Enterprise,Account 012 SAS,Austria,Cancom,Existing Business - Add-On,0 - Closed Lost,138000,2025-03-27
DR-2083,2026-01-26,Sigrid Halvorsen,,UKI & Nordics,Account 083 Ltd,Sweden,Arrow ECS,New Logo,7 - Closed Won,71000,2026-02-21
DR-1620,2025-05-27,Nadia Keller,,dach pod,Account 020 SpA,Germany,SHI EMEA,New Business,Rejected - Duplicate,"$16,000",2025-11-19
DR-2382,20 May 2026,Sigrid Halvorsen,,EMEA - UKI & Nordics - Commercial,Account 382 AB,United Kingdom,Econocom,Add-On,3 - Discovery,76000,2026-07-06
DR-2650,2026-06-07,Deal Reg Queue,,DACH,Queued Account 036,Germany,Bechtle AG,New Business,1 - Submitted,,
DR-1082,23/09/2024,Lukas Brandt,,dach pod,Account 282 GmbH,Austria,Bechtle AG,New Business,0 - Closed Lost,99000,2024-12-14
DR-1796,2025-08-20,Katharina Vogel,Lena Wirth,,Account 196 Group,Austria,Bechtle AG,New Business,7 - Closed Won,,2025-10-10
DR-2299,2026-04-11,Aoife Brennan,Mollie Shaw,EMEA - UKI & Nordics - Commercial,Account 299 GmbH,Norway,TD Synnex,New Logo,Rejected - Duplicate,52000,2026-10-28
DR-1196,2024-11-22,Stefan Huber,Tobias Frank,dach pod,Account 396 SAS,Austria,Econocom,New Business,7 - Closed Won,"EUR 200,000.00",2025-02-24
DR-1079,15/09/2024,Lukas Brandt,,DACH,Account 279 AB,Germany,Northbridge Data,Migration,Expired,"$171,000",2024-12-11
DR-2206,2026-03-11,Erik Lindqvist,Dan Eriksen,UKI & Nordics,Account 206 Group,Norway,Computacenter,Existing Business - Add-On,0 - Closed Lost,117000,2026-05-08
DR-1683,2025-06-08,Lukas Brandt,Tobias Frank,EMEA - DACH - Enterprise,Account 083 Ltd,Austria,SHI EMEA,New Business,0 - Closed Lost,"$100,000",2025-08-14
DR-2657,2024-04-05,Lukas Brandt,Tobias Frank,DACH,Old Account 003,Germany,Bechtle AG,New Business,7 - Closed Won,120000,2024-09-30
DR-1591,2025-05-24,Julien Marchand,Paulo Neves,SEMEA,Account 391 AB,Israel,Ingram Micro,New Business,2 - Approved,"EUR 129,000.00",2025-09-26
DR-1828,2025-09-01,Yannis Papadakis,Chiara Bruno,EMEA - Southern Europe,Account 228 GmbH,Italy,Arrow ECS,Migration,Rejected - Duplicate,"$84,000",2025-10-16
DR-2416,18 May 2026,Stefan Huber,Lena Wirth,EMEA - DACH - Enterprise,Account 016 Group,Germany,Bechtle AG,Existing Business - Renewal,5 - Proposal,155000,2026-07-22
DR-1063,15/09/2024,Nadia Keller,Tobias Frank,dach pod,Account 263 SAS,Austria,Bechtle AG,New Business,0 - Closed Lost,172000,2024-12-21
DR-2229,2026-03-24,Aoife Brennan,,EMEA - UKI & Nordics - Commercial,Account 229 AB,Denmark,TD Synnex,Add-On,5 - Proposal,"$30,000",2026-06-17
DR-2400,27 May 2026,Elena Castells,Chiara Bruno,Southern Europe,Account 000 AB,Israel,Cancom,New Logo,,"EUR 163,000.00",2026-10-27
DR-1770,2025-08-21,Aoife Brennan,Mollie Shaw,EMEA - UKI & Nordics - Commercial,Account 170 GmbH,Ireland,Cancom,Add-On,Expired,118000,2025-12-06
DR-1485,05/04/2025,Sigrid Halvorsen,Mollie Shaw,EMEA - UKI & Nordics - Commercial,Account 285 GmbH,Sweden,Cancom,New Business,Expired,"$189,000",2025-06-11
DR-1448,2025-03-25,Elena Castells,Chiara Bruno,SEMEA,Account 248 AB,Portugal,Softcat,Add-On,5 - Proposal,144000,2025-05-21
DR-1939,2025-10-24,Stefan Huber,Lena Wirth,dach pod,Account 339 AB,Switzerland,Computacenter,Existing Business - Add-On,1 - Submitted,"$96,000",2025-11-26
DR-2413,04 May 2026,Katharina Vogel,,DACH,Account 013 Holdings,Germany,TD Synnex,Competitive Migration,4 - Technical Validation,"EUR 109,000.00",2026-07-08
DR-2164,2026-02-08,Julien Marchand,,EMEA - Other,Account 164 SpA,France,Northbridge Data,Renewal,,20000,2026-07-14
DR-2002,26/11/2025,Stefan Huber,Tobias Frank,EMEA - DACH - Enterprise,Account 002 Ltd,Austria,Econocom,Existing Business - Add-On,Rejected - Duplicate,"EUR 200,000.00",2026-02-13
DR-2639,2026-07-01,Deal Reg Queue,,Southern Europe,Queued Account 025,Germany,Ingram Micro,New Business,1 - Submitted,,
DR-1220,2024-12-19,Tom Whitfield,Priya Raman,UKI & Nordics,Account 020 AB,Denmark,Cancom,New Business,7 - Closed Won,"$210,000",2025-06-25
DR-1316,2025-01-20,Katharina Vogel,Tobias Frank,,Account 116 GmbH,Germany,Ingram Micro,Upsell,0 - Closed Lost,"$139,000",2025-06-02
DR-2140,2026-02-15,Erik Lindqvist,,UKI & Nordics,Account 140 Ltd,Denmark,Econocom,New Logo,4 - Technical Validation,230000,2026-07-21
DR-1211,2024-11-16,Lukas Brandt,Tobias Frank,dach pod,Account 011 Group,Germany,Cancom,New Business,6 - Negotiation,85000,2025-02-27
DR-2016,08 Dec 2025,Callum Reid,,Nordics,Account 016 AB,Ireland,SHI EMEA,Renewal,0 - Closed Lost,214000,2026-02-16
DR-1966,21/11/2025,Erik Lindqvist,Priya Raman,Nordics,Account 366 Holdings,Sweden,Computacenter,New Logo,7 - Closed Won,"$230,000",2026-04-11
DR-1512,23/04/2025,Marco Ferrari,Chiara Bruno,SEMEA,Account 312 Group,France,Computacenter,New Business,7 - Closed Won,18000,2025-08-12
DR-1781,2025-08-04,Julien Marchand,Paulo Neves,,Account 181 Group,Greece,SHI EMEA,Existing Business - Renewal,Rejected - Duplicate,"EUR 107,000.00",2026-01-13
DR-2244,2026-03-15,Sofia Almeida,Chiara Bruno,Southern Europe,Account 244 Holdings,Spain,TD Synnex,New Logo,1 - Submitted,"EUR 89,000.00",2026-06-14
DR-1340,21 Feb 2025,Aoife Brennan,Priya Raman,Nordics,Account 140 Ltd,Sweden,Econocom,Upsell,0 - Closed Lost,"$130,000",2025-08-24
DR-1356,18 Feb 2025,Tom Whitfield,Mollie Shaw,EMEA - UKI & Nordics - Commercial,Account 156 Ltd,Finland,Cancom,Add-On,,"EUR 221,000.00",2025-09-03
DR-1566,2025-05-19,Niamh O'Connor,,EMEA - UKI & Nordics - Commercial,Account 366 SpA,United Kingdom,Arrow ECS,New Business,Expired,"EUR 168,000.00",2025-10-10
DR-2055,07 Dec 2025,Lukas Brandt,,EMEA - DACH - Enterprise,Account 055 Group,Germany,TD Synnex,New Logo,6 - Negotiation,"EUR 110,000.00",2026-05-03
DR-1361,20 Feb 2025,Yannis Papadakis,,EMEA - Southern Europe,Account 161 Ltd,Italy,Ingram Micro,New Business,0 - Closed Lost,"EUR 29,000.00",2025-08-22
DR-2579,2026-08-15,Sigrid Halvorsen,Mollie Shaw,EMEA - UKI & Nordics - Commercial,Account 179 Ltd,Ireland,SHI EMEA,New Logo,4 - Technical Validation,167000,2027-01-27
DR-1606,2025-05-16,Lukas Brandt,,DACH,Account 006 SpA,Austria,Northbridge Data,Upsell,0 - Closed Lost,87000,2025-09-01
DR-2315,2026-04-12,Sofia Almeida,Paulo Neves,Southern Europe,Account 315 Ltd,Portugal,Northbridge Data,Renewal,5 - Proposal,"EUR 220,000.00",2026-07-18
DR-2124,2026-02-26,Aoife Brennan,Priya Raman,Nordics,Account 124 Holdings,Ireland,SHI EMEA,New Logo,0 - Closed Lost,"EUR 115,000.00",2026-05-27
DR-1205,2024-11-08,Lukas Brandt,,EMEA - DACH - Enterprise,Account 005 SpA,Austria,Cancom,Renewal,Rejected - Duplicate,"$67,000",2025-05-14
DR-1355,05 Feb 2025,Tom Whitfield,,Nordics,Account 155 Group,Sweden,Cancom,Existing Business - Add-On,0 - Closed Lost,"$51,000",2025-03-27
DR-1525,21/04/2025,Katharina Vogel,Lena Wirth,DACH,Account 325 AB,Germany,Softcat,New Business,,"$164,000",2025-08-26
DR-1350,24 Feb 2025,Sigrid Halvorsen,Mollie Shaw,UKI/Nordics,Account 150 GmbH,Norway,SHI EMEA,New Business,0 - Closed Lost,235000,2025-08-29
DR-2029,20 Dec 2025,Sigrid Halvorsen,Priya Raman,EMEA - UKI & Nordics - Commercial,Account 029 AB,Ireland,Northbridge Data,Upsell,0 - Closed Lost,"EUR 153,000.00",2026-06-22
DR-2092,2026-01-06,Elena Castells,,EMEA - Southern Europe,Account 092 GmbH,France,Econocom,Existing Business - Renewal,6 - Negotiation,"$42,000",2026-06-26
DR-1911,2025-10-23,Elena Castells,,EMEA - Other,Account 311 SpA,Spain,Computacenter,Add-On,0 - Closed Lost,"$60,000",2026-03-23
DR-2479,05/06/2026,Sigrid Halvorsen,Priya Raman,UKI/Nordics,Account 079 AB,Denmark,Northbridge Data,New Logo,6 - Negotiation,"$104,000",2026-12-20
DR-1621,2025-05-21,Katharina Vogel,,DACH,Account 021 SpA,Switzerland,Econocom,New Business,Rejected - Duplicate,"$48,000",2025-07-12
DR-2119,2026-02-04,Sigrid Halvorsen,Dan Eriksen,EMEA - UKI & Nordics - Commercial,Account 119 Holdings,United Kingdom,Econocom,Renewal,2 - Approved,228000,2026-05-29
DR-2446,20/06/2026,Sigrid Halvorsen,Priya Raman,Nordics,Account 046 Holdings,Norway,SHI EMEA,Existing Business - Renewal,5 - Proposal,211000,2026-11-07
DR-1346,25 Feb 2025,Niamh O'Connor,,UKI & Nordics,Account 146 Holdings,Denmark,Softcat,Competitive Migration,7 - Closed Won,"$126,000",2025-08-28
DR-1427,2025-03-17,Yannis Papadakis,Chiara Bruno,Southern Europe,Account 227 SAS,Greece,SHI EMEA,New Business,6 - Negotiation,99000,2025-07-02
DR-1486,06/04/2025,Callum Reid,,UKI & Nordics,Account 286 Group,Ireland,Cancom,Competitive Migration,Rejected - Duplicate,"$39,000",2025-05-25
DR-1908,2025-10-26,Sofia Almeida,,Iberia,Account 308 Holdings,Spain,SHI EMEA,Upsell,Rejected - Duplicate,"$203,000",2026-05-08
DR-1868,2025-09-28,Katharina Vogel,,EMEA - DACH - Enterprise,Account 268 Group,Switzerland,Ingram Micro,Upsell,7 - Closed Won,89000,2025-11-02
DR-1018,12/09/2024,Aoife Brennan,Mollie Shaw,UKI & Nordics,Account 218 GmbH,Norway,Computacenter,Existing Business - Add-On,2 - Approved,206000,2024-10-07
DR-2556,2026-07-01,Lukas Brandt,,,Account 156 Holdings,Austria,Bechtle AG,New Logo,4 - Technical Validation,"EUR 166,000.00",2026-12-22
DR-1968,14/11/2025,Tom Whitfield,Dan Eriksen,UKI/Nordics,Account 368 SpA,Ireland,TD Synnex,Upsell,Expired,210000,2025-12-23
DR-2588,2026-08-20,Marco Ferrari,Chiara Bruno,SEMEA,Account 188 Holdings,France,Econocom,Renewal,5 - Proposal,"EUR 152,000.00",2026-11-28
DR-1790,2025-08-09,Lukas Brandt,Lena Wirth,dach pod,Account 190 Group,Austria,Northbridge Data,Upsell,0 - Closed Lost,27000,2025-10-22
DR-2414,07 May 2026,Lukas Brandt,Lena Wirth,EMEA - DACH - Enterprise,Account 014 Holdings,Germany,Northbridge Data,Add-On,5 - Proposal,"EUR 96,000.00",2026-11-09
DR-2266,2026-03-14,Stefan Huber,,EMEA - DACH - Enterprise,Account 266 Group,Germany,Northbridge Data,Upsell,5 - Proposal,"EUR 92,000.00",2026-06-07
DR-2469,12/06/2026,Callum Reid,Priya Raman,Nordics,Account 069 Ltd,Norway,TD Synnex,New Logo,7 - Closed Won,189000,2026-08-27
DR-2095,2026-01-01,Julien Marchand,Paulo Neves,Southern Europe,Account 095 Holdings,Italy,Cancom,Existing Business - Renewal,5 - Proposal,"EUR 90,000.00",2026-05-28
DR-2645,2025-11-12,Channel Queue,,Southern Europe,Queued Account 031,Germany,TD Synnex,New Business,1 - Submitted,,
DR-2370,22 May 2026,Callum Reid,Priya Raman,Nordics,Account 370 Ltd,Sweden,Northbridge Data,Existing Business - Add-On,7 - Closed Won,"$201,000",2026-10-11
DR-1136,2024-10-16,Stefan Huber,,DACH,Account 336 Ltd,Switzerland,Arrow ECS,Existing Business - Add-On,Rejected - Duplicate,116000,2025-04-18
DR-2486,23/06/2026,Marco Ferrari,Chiara Bruno,Iberia,Account 086 Group,Italy,Bechtle AG,Renewal,0 - Closed Lost,"$203,000",2026-10-05
DR-1424,2025-03-07,Tom Whitfield,Mollie Shaw,UKI/Nordics,Account 224 Ltd,Denmark,Econocom,Existing Business - Renewal,Expired,"$215,000",2025-04-01
DR-1393,07 Feb 2025,Lukas Brandt,Tobias Frank,DACH,Account 193 Group,Germany,Softcat,Upsell,0 - Closed Lost,"$104,000",2025-07-01
DR-2123,2026-02-13,Tom Whitfield,,EMEA - UKI & Nordics - Commercial,Account 123 GmbH,Norway,Ingram Micro,New Logo,6 - Negotiation,127000,2026-05-22
DR-1296,2025-01-26,Elena Castells,Chiara Bruno,EMEA - Southern Europe,Account 096 SpA,Greece,TD Synnex,New Business,7 - Closed Won,"EUR 158,000.00",2025-05-29
DR-2342,2026-04-10,Katharina Vogel,Tobias Frank,dach pod,Account 342 Holdings,Switzerland,Ingram Micro,New Logo,4 - Technical Validation,"$169,000",2026-05-08
DR-1197,2024-11-08,Nadia Keller,,EMEA - Other,Account 397 Group,Austria,Computacenter,Existing Business - Renewal,Expired,,2025-03-01
DR-2168,2026-02-28,Lukas Brandt,,EMEA - DACH - Enterprise,Account 168 Group,Germany,Ingram Micro,New Logo,7 - Closed Won,"EUR 92,000.00",2026-08-20
DR-1469,2025-03-15,Katharina Vogel,Tobias Frank,DACH,Account 269 Ltd,Austria,Cancom,New Business,Rejected - Duplicate,,2025-04-20
DR-1972,17/11/2025,Sofia Almeida,,EMEA - Other,Account 372 GmbH,Italy,Computacenter,New Logo,7 - Closed Won,"$150,000",2026-02-09
DR-1762,2025-08-11,Tom Whitfield,Priya Raman,EMEA - UKI & Nordics - Commercial,Account 162 Group,Norway,Arrow ECS,New Business,0 - Closed Lost,"EUR 65,000.00",2025-11-27
DR-2228,2026-03-13,Sigrid Halvorsen,,UKI/Nordics,Account 228 AB,Finland,Cancom,Renewal,2 - Approved,91000,2026-04-23
DR-2153,2026-02-22,Sofia Almeida,Chiara Bruno,EMEA - Southern Europe,Account 153 SpA,Portugal,SHI EMEA,Add-On,3 - Discovery,"EUR 204,000.00",2026-09-02
DR-1681,2025-06-22,Lukas Brandt,,EMEA - DACH - Enterprise,Account 081 Holdings,Germany,Ingram Micro,New Business,0 - Closed Lost,"EUR 223,000.00",2025-09-09
DR-1994,04/11/2025,Lukas Brandt,Lena Wirth,DACH,Account 394 GmbH,Austria,Cancom,New Logo,0 - Closed Lost,,2026-04-22
DR-1937,2025-10-05,Stefan Huber,Tobias Frank,DACH,Account 337 SAS,Austria,Ingram Micro,Existing Business - Renewal,0 - Closed Lost,88000,2025-12-25
DR-2500,07/06/2026,Katharina Vogel,,dach pod,Account 100 Ltd,Germany,SHI EMEA,New Logo,6 - Negotiation,129000,2026-07-25
DR-2646,2025-10-06,Deal Reg Queue,,UKI & Nordics,Queued Account 032,Germany,Econocom,New Business,1 - Submitted,,
DR-1171,2024-11-01,Tom Whitfield,Mollie Shaw,Nordics,Account 371 SpA,Ireland,Econocom,New Business,Rejected - Duplicate,"EUR 137,000.00",2025-03-11
DR-1764,2025-08-14,Tom Whitfield,,Nordics,Account 164 SpA,Finland,Computacenter,New Business,7 - Closed Won,219000,2025-10-14
DR-1442,2025-03-20,Marco Ferrari,Chiara Bruno,SEMEA,Account 242 Ltd,Greece,Softcat,New Business,0 - Closed Lost,"EUR 18,000.00",2025-07-12
DR-2006,26/11/2025,Lukas Brandt,,DACH,Account 006 Group,Austria,Softcat,New Logo,3 - Discovery,200000,2026-02-20
DR-2090,2026-01-13,Elena Castells,Chiara Bruno,SEMEA,Account 090 Group,Italy,Bechtle AG,New Logo,1 - Submitted,,2026-03-04
DR-1849,2025-09-21,Stefan Huber,Lena Wirth,DACH,Account 249 Group,Germany,Econocom,New Business,7 - Closed Won,81000,2025-12-19
DR-1016,08/09/2024,Tom Whitfield,,UKI & Nordics,Account 216 AB,Norway,Arrow ECS,New Business,0 - Closed Lost,207000,2024-12-07
DR-1303,2025-01-28,Yannis Papadakis,Paulo Neves,Iberia,Account 103 Group,Portugal,Cancom,Upsell,0 - Closed Lost,34000,2025-07-25
DR-1699,2025-06-19,Lukas Brandt,Tobias Frank,dach pod,Account 099 SAS,Germany,Computacenter,Existing Business - Renewal,7 - Closed Won,99000,2025-10-31
DR-1371,06 Feb 2025,Yannis Papadakis,,Iberia,Account 171 SpA,Israel,Ingram Micro,Existing Business - Renewal,0 - Closed Lost,199000,2025-03-14
DR-1941,2025-10-19,Katharina Vogel,,dach pod,Account 341 Ltd,Switzerland,Cancom,New Business,7 - Closed Won,221000,2026-02-25
DR-2640,2025-05-28,Channel Queue,,UKI & Nordics,Queued Account 026,Germany,Arrow ECS,New Business,1 - Submitted,,
DR-1364,27 Feb 2025,Sofia Almeida,Chiara Bruno,Southern Europe,Account 164 AB,Portugal,Econocom,Upsell,Expired,210000,2025-05-11
DR-1185,2024-11-23,Julien Marchand,Paulo Neves,EMEA - Southern Europe,Account 385 Holdings,Spain,Computacenter,Add-On,7 - Closed Won,"EUR 122,000.00",2025-03-14
DR-2109,2026-01-18,Lukas Brandt,,DACH,Account 109 Ltd,Austria,Computacenter,Upsell,7 - Closed Won,"EUR 156,000.00",2026-07-17
DR-2619,2025-12-17,Channel Queue,,DACH,Queued Account 005,Germany,Softcat,New Business,1 - Submitted,,
DR-2362,19 May 2026,Aoife Brennan,,,Account 362 SAS,United Kingdom,Cancom,New Logo,2 - Approved,"$45,000",2026-07-26
DR-1798,2025-09-28,Callum Reid,Mollie Shaw,EMEA - UKI & Nordics - Commercial,Account 198 Ltd,Denmark,Arrow ECS,Renewal,2 - Approved,"$164,000",2026-01-11
DR-2346,2026-04-22,Lukas Brandt,Tobias Frank,dach pod,Account 346 Group,Austria,TD Synnex,Existing Business - Add-On,5 - Proposal,"EUR 61,000.00",2026-10-21
DR-2365,14 May 2026,Erik Lindqvist,Priya Raman,UKI & Nordics,Account 365 Group,Ireland,Arrow ECS,New Logo,4 - Technical Validation,128000,2026-11-11
DR-1641,2025-06-05,Sigrid Halvorsen,Priya Raman,EMEA - Other,Account 041 Ltd,Ireland,TD Synnex,Existing Business - Renewal,Rejected - Duplicate,"$131,000",2025-11-27
DR-1517,18/04/2025,Julien Marchand,Chiara Bruno,EMEA - Southern Europe,Account 317 Group,Israel,SHI EMEA,New Business,7 - Closed Won,"EUR 184,000.00",2025-07-10
DR-2468,10/06/2026,Erik Lindqvist,,Nordics,Account 068 Group,Ireland,Bechtle AG,New Logo,2 - Approved,"EUR 152,000.00",2026-08-27
DR-1777,2025-08-20,Marco Ferrari,Paulo Neves,Iberia,Account 177 SAS,Spain,Cancom,Migration,0 - Closed Lost,80000,2025-10-15
DR-1386,17 Feb 2025,Stefan Huber,Tobias Frank,dach pod,Account 186 Ltd,Austria,Ingram Micro,Upsell,7 - Closed Won,208000,2025-04-24
DR-2539,2026-07-28,Erik Lindqvist,,Nordics,Account 139 Holdings,Denmark,SHI EMEA,New Logo,5 - Proposal,"$212,000",2027-01-10
DR-1896,2025-10-07,Callum Reid,Dan Eriksen,EMEA - UKI & Nordics - Commercial,Account 296 SpA,Norway,SHI EMEA,Upsell,0 - Closed Lost,"$117,000",2026-01-26
DR-2563,2026-07-08,Nadia Keller,Lena Wirth,,Account 163 SpA,Austria,Northbridge Data,New Logo,0 - Closed Lost,,2026-10-03
DR-1122,2024-10-26,Marco Ferrari,Paulo Neves,EMEA - Southern Europe,Account 322 SAS,Greece,Ingram Micro,Add-On,7 - Closed Won,"$22,000",2025-04-12
DR-2169,2026-02-19,Katharina Vogel,,dach pod,Account 169 Ltd,Austria,Arrow ECS,New Logo,5 - Proposal,205000,2026-08-12
DR-2158,2026-02-23,Julien Marchand,Chiara Bruno,Iberia,Account 158 GmbH,Portugal,Bechtle AG,Add-On,4 - Technical Validation,217000,2026-07-17
DR-2179,2026-02-10,Lukas Brandt,Lena Wirth,dach pod,Account 179 GmbH,Switzerland,Arrow ECS,New Logo,Expired,"EUR 215,000.00",2026-07-31
DR-2391,07 May 2026,Aoife Brennan,Priya Raman,EMEA - UKI & Nordics - Commercial,Account 391 Holdings,Finland,Computacenter,New Logo,Rejected - Duplicate,"$89,000",2026-10-24
DR-2295,2026-04-11,Tom Whitfield,Dan Eriksen,Nordics,Account 295 GmbH,United Kingdom,Arrow ECS,Existing Business - Renewal,5 - Proposal,"$103,000",2026-08-15
DR-2484,02/06/2026,Elena Castells,Chiara Bruno,SEMEA,Account 084 GmbH,Spain,Arrow ECS,Renewal,6 - Negotiation,27000,2026-08-13
DR-1224,2024-12-14,Tom Whitfield,,EMEA - Other,Account 024 Ltd,Finland,TD Synnex,New Business,0 - Closed Lost,232000,2025-02-17
DR-2617,2025-06-11,Channel Queue,,DACH,Queued Account 003,Germany,Ingram Micro,New Business,1 - Submitted,,
DR-2219,2026-03-10,Callum Reid,,EMEA - UKI & Nordics - Commercial,Account 219 Holdings,Finland,Northbridge Data,Upsell,0 - Closed Lost,"$86,000",2026-06-05
DR-2440,14/06/2026,Aoife Brennan,Mollie Shaw,UKI & Nordics,Account 040 Holdings,United Kingdom,SHI EMEA,New Logo,1 - Submitted,"EUR 194,000.00",2026-12-09
DR-2297,2026-04-08,Erik Lindqvist,,EMEA - Other,Account 297 GmbH,United Kingdom,Arrow ECS,New Logo,4 - Technical Validation,"EUR 220,000.00",2026-06-27
DR-1657,2025-06-03,Tom Whitfield,Priya Raman,Nordics,Account 057 SpA,Ireland,Computacenter,New Business,6 - Negotiation,239000,2025-09-14
DR-1280,2025-01-05,Niamh O'Connor,Mollie Shaw,UKI/Nordics,Account 080 Group,Finland,Cancom,Existing Business - Renewal,7 - Closed Won,"$154,000",2025-07-07
DR-2585,2026-08-10,Tom Whitfield,,EMEA - Other,Account 185 AB,Finland,Computacenter,New Logo,5 - Proposal,"$229,000",2026-09-15
DR-2335,2026-04-06,Lukas Brandt,Lena Wirth,DACH,Account 335 GmbH,Austria,Softcat,Upsell,Rejected - Duplicate,"$158,000",2026-05-10
DR-2504,13/06/2026,Lukas Brandt,Tobias Frank,DACH,Account 104 Holdings,Austria,Northbridge Data,New Logo,0 - Closed Lost,202000,2026-08-05
DR-1012,15/09/2024,Tom Whitfield,,EMEA - UKI & Nordics - Commercial,Account 212 Holdings,United Kingdom,Northbridge Data,New Business,2 - Approved,100000,2024-11-06
DR-1124,2024-10-14,Yannis Papadakis,Paulo Neves,EMEA - Southern Europe,Account 324 Ltd,Israel,TD Synnex,New Business,0 - Closed Lost,"EUR 93,000.00",2024-12-16
DR-1913,2025-10-20,Yannis Papadakis,,EMEA - Southern Europe,Account 313 Holdings,Greece,Computacenter,New Business,3 - Discovery,81000,2026-04-04
DR-1037,17/09/2024,Julien Marchand,Chiara Bruno,SEMEA,Account 237 SpA,Portugal,Ingram Micro,New Business,7 - Closed Won,176000,2024-10-31
DR-1748,2025-08-10,Sigrid Halvorsen,Dan Eriksen,UKI & Nordics,Account 148 Ltd,Sweden,Ingram Micro,Add-On,Rejected - Duplicate,"$17,000",2025-09-06
DR-1784,2025-08-02,Lukas Brandt,Tobias Frank,DACH,Account 184 SpA,Switzerland,Ingram Micro,New Business,Expired,"EUR 30,000.00",2025-11-03
DR-2457,15/06/2026,Aoife Brennan,Dan Eriksen,EMEA - UKI & Nordics - Commercial,Account 057 GmbH,Finland,Ingram Micro,New Logo,3 - Discovery,"$125,000",2026-10-03
DR-1616,2025-05-06,Katharina Vogel,Tobias Frank,DACH,Account 016 Ltd,Switzerland,Arrow ECS,New Business,0 - Closed Lost,"$181,000",2025-07-13
DR-2340,2026-04-10,Katharina Vogel,Lena Wirth,DACH,Account 340 AB,Switzerland,Bechtle AG,Existing Business - Renewal,2 - Approved,"EUR 54,000.00",2026-06-17
DR-1435,2025-03-21,Yannis Papadakis,Paulo Neves,SEMEA,Account 235 Group,France,Arrow ECS,New Business,0 - Closed Lost,"EUR 96,000.00",2025-07-28
DR-1578,2025-05-05,Tom Whitfield,Mollie Shaw,EMEA - UKI & Nordics - Commercial,Account 378 GmbH,Finland,Softcat,New Business,7 - Closed Won,"EUR 76,000.00",2025-10-15
DR-1240,2024-12-26,Marco Ferrari,,Iberia,Account 040 SpA,Italy,Econocom,Migration,0 - Closed Lost,"EUR 89,000.00",2025-07-02
DR-2531,2026-07-22,Sigrid Halvorsen,,UKI & Nordics,Account 131 SpA,Sweden,Bechtle AG,Upsell,1 - Submitted,,2026-10-31
DR-1554,2025-05-08,Aoife Brennan,Priya Raman,Nordics,Account 354 SpA,Finland,SHI EMEA,New Business,Rejected - Duplicate,"EUR 195,000.00",2025-11-07
DR-2389,06 May 2026,Aoife Brennan,Dan Eriksen,UKI/Nordics,Account 389 GmbH,Ireland,Arrow ECS,Add-On,6 - Negotiation,"$224,000",2026-09-23
DR-2641,2026-07-19,Channel Queue,,DACH,Queued Account 027,Germany,Softcat,New Business,1 - Submitted,,
DR-2152,2026-02-23,Julien Marchand,,SEMEA,Account 152 AB,Israel,TD Synnex,Migration,3 - Discovery,86000,2026-05-12
DR-2301,2026-04-12,Tom Whitfield,Priya Raman,EMEA - UKI & Nordics - Commercial,Account 301 Ltd,Finland,TD Synnex,Upsell,2 - Approved,"$202,000",2026-06-11
DR-1283,2025-01-25,Aoife Brennan,Mollie Shaw,UKI & Nordics,Account 083 Holdings,Sweden,Northbridge Data,New Business,Rejected - Duplicate,"$164,000",2025-07-01
DR-2369,05 May 2026,Callum Reid,Priya Raman,Nordics,Account 369 GmbH,Sweden,Bechtle AG,Renewal,0 - Closed Lost,157000,2026-09-17
DR-1029,13/09/2024,Sigrid Halvorsen,Dan Eriksen,UKI/Nordics,Account 229 Holdings,Finland,Softcat,New Business,Expired,"$19,000",2025-01-04
DR-2399,10 May 2026,Sofia Almeida,Chiara Bruno,SEMEA,Account 399 AB,Greece,Softcat,Add-On,Rejected - Duplicate,"EUR 98,000.00",2026-10-27
DR-1546,10/04/2025,Katharina Vogel,Tobias Frank,dach pod,Account 346 SpA,Germany,Softcat,Competitive Migration,Rejected - Duplicate,"$134,000",2025-06-23
DR-1660,2025-06-05,Yannis Papadakis,Chiara Bruno,Southern Europe,Account 060 Group,France,Ingram Micro,New Business,7 - Closed Won,,2025-12-17
DR-2242,2026-03-19,Marco Ferrari,,Iberia,Account 242 Ltd,Israel,Cancom,Existing Business - Renewal,6 - Negotiation,"EUR 161,000.00",2026-05-26
DR-1611,2025-05-11,Katharina Vogel,Tobias Frank,EMEA - DACH - Enterprise,Account 011 Holdings,Switzerland,Ingram Micro,New Business,0 - Closed Lost,"$205,000",2025-07-20
DR-2452,04/06/2026,Aoife Brennan,Dan Eriksen,UKI & Nordics,Account 052 SpA,Finland,SHI EMEA,Migration,2 - Approved,"$10,000",2026-07-02
DR-1360,08 Feb 2025,Julien Marchand,Paulo Neves,Southern Europe,Account 160 SpA,Italy,Northbridge Data,New Business,0 - Closed Lost,"$176,000",2025-04-02
DR-1787,2025-08-27,Katharina Vogel,Tobias Frank,dach pod,Account 187 Holdings,Switzerland,Cancom,New Business,7 - Closed Won,231000,2026-02-06
DR-1342,24 Feb 2025,Niamh O'Connor,Dan Eriksen,EMEA - Other,Account 142 GmbH,United Kingdom,Cancom,Existing Business - Renewal,7 - Closed Won,"$165,000",2025-06-15
DR-1066,02/09/2024,Lukas Brandt,Tobias Frank,dach pod,Account 266 GmbH,Austria,SHI EMEA,New Business,7 - Closed Won,35000,2024-10-12
DR-1952,20/11/2025,Tom Whitfield,Mollie Shaw,,Account 352 AB,Finland,Softcat,Upsell,2 - Approved,"$231,000",2026-05-11
DR-1569,2025-05-27,Aoife Brennan,Mollie Shaw,UKI/Nordics,Account 369 AB,United Kingdom,Arrow ECS,Existing Business - Renewal,Rejected - Duplicate,136000,2025-08-26
DR-2070,2026-01-01,Sigrid Halvorsen,,Nordics,Account 070 Ltd,Denmark,TD Synnex,Add-On,0 - Closed Lost,"EUR 129,000.00",2026-03-01
DR-1509,23/04/2025,Yannis Papadakis,Chiara Bruno,Iberia,Account 309 GmbH,France,Bechtle AG,New Business,Rejected - Duplicate,"$86,000",2025-09-01
DR-2112,2026-01-13,Lukas Brandt,Lena Wirth,dach pod,Account 112 Ltd,Austria,TD Synnex,Renewal,7 - Closed Won,"EUR 43,000.00",2026-06-12
DR-2620,2025-12-09,Channel Queue,,UKI & Nordics,Queued Account 006,Germany,TD Synnex,New Business,1 - Submitted,,
DR-2205,2026-03-20,Tom Whitfield,Dan Eriksen,EMEA - UKI & Nordics - Commercial,Account 205 Group,Norway,SHI EMEA,New Logo,,"EUR 52,000.00",2026-05-30
DR-2028,13 Dec 2025,Aoife Brennan,Mollie Shaw,UKI/Nordics,Account 028 Ltd,Norway,SHI EMEA,Renewal,1 - Submitted,240000,2026-01-26
DR-1141,2024-10-09,Katharina Vogel,Lena Wirth,DACH,Account 341 GmbH,Germany,Cancom,New Business,7 - Closed Won,"$45,000",2025-04-21
DR-2483,23/06/2026,Sofia Almeida,,Iberia,Account 083 Ltd,Israel,Northbridge Data,Existing Business - Renewal,7 - Closed Won,"$233,000",2026-11-12
DR-1420,2025-03-28,Niamh O'Connor,Mollie Shaw,UKI & Nordics,Account 220 GmbH,Finland,Cancom,Renewal,7 - Closed Won,"EUR 225,000.00",2025-05-23
DR-2022,03 Dec 2025,Aoife Brennan,Priya Raman,UKI & Nordics,Account 022 SpA,United Kingdom,Cancom,Add-On,2 - Approved,"EUR 146,000.00",2026-03-24
DR-1195,2024-11-02,Lukas Brandt,,DACH,Account 395 AB,Austria,Econocom,Renewal,7 - Closed Won,"$54,000",2025-02-02
DR-1467,2025-03-20,Lukas Brandt,,dach pod,Account 267 AB,Switzerland,TD Synnex,Add-On,7 - Closed Won,181000,2025-05-09
DR-1087,2024-10-06,Tom Whitfield,Mollie Shaw,EMEA - UKI & Nordics - Commercial,Account 287 GmbH,United Kingdom,Softcat,Upsell,,75000,2025-01-16
DR-2328,2026-04-26,Lukas Brandt,Tobias Frank,dach pod,Account 328 AB,Germany,TD Synnex,Existing Business - Renewal,4 - Technical Validation,"EUR 199,000.00",2026-08-19
DR-2310,2026-04-17,Sofia Almeida,,Southern Europe,Account 310 Group,Greece,Computacenter,Migration,4 - Technical Validation,212000,2026-08-23
DR-2651,2025-03-17,Channel Queue,,UKI & Nordics,Queued Account 037,Germany,Bechtle AG,New Business,1 - Submitted,,
DR-1157,2024-11-20,Tom Whitfield,Priya Raman,EMEA - UKI & Nordics - Commercial,Account 357 Ltd,Finland,Econocom,Add-On,0 - Closed Lost,"EUR 27,000.00",2025-05-26
DR-1024,23/09/2024,Tom Whitfield,,UKI/Nordics,Account 224 GmbH,Sweden,Bechtle AG,New Business,7 - Closed Won,"$193,000",2025-03-04
DR-1724,20 Jul 2025,Tom Whitfield,Dan Eriksen,UKI/Nordics,Account 124 SAS,Ireland,Northbridge Data,New Business,Expired,198000,2025-10-19
DR-2087,2026-01-04,Yannis Papadakis,,EMEA - Southern Europe,Account 087 Group,Spain,Arrow ECS,New Logo,1 - Submitted,240000,2026-07-20
DR-2039,08 Dec 2025,Julien Marchand,,Iberia,Account 039 Ltd,Portugal,Econocom,Existing Business - Renewal,7 - Closed Won,17000,2026-03-19
DR-2566,2026-07-08,Lukas Brandt,Tobias Frank,EMEA - DACH - Enterprise,Account 166 Group,Switzerland,Econocom,Existing Business - Add-On,3 - Discovery,"EUR 125,000.00",2026-10-29
DR-1643,2025-06-15,Sigrid Halvorsen,,Nordics,Account 043 Group,Sweden,TD Synnex,Existing Business - Renewal,0 - Closed Lost,"EUR 174,000.00",2025-11-04
DR-1033,08/09/2024,Yannis Papadakis,Paulo Neves,SEMEA,Account 233 GmbH,Portugal,Econocom,New Business,7 - Closed Won,"$26,000",2024-12-03
DR-1831,2025-09-25,Sofia Almeida,Paulo Neves,Iberia,Account 231 GmbH,Portugal,Bechtle AG,New Business,4 - Technical Validation,"$137,000",2025-11-28
DR-1515,13/04/2025,Elena Castells,Paulo Neves,Iberia,Account 315 Holdings,Israel,SHI EMEA,Existing Business - Renewal,,35000,2025-09-30
DR-1586,2025-05-13,Julien Marchand,,Iberia,Account 386 Group,Italy,Cancom,Upsell,7 - Closed Won,"$158,000",2025-07-16
DR-1415,2025-03-13,Aoife Brennan,Priya Raman,UKI/Nordics,Account 215 AB,Norway,Northbridge Data,Existing Business - Add-On,7 - Closed Won,"$78,000",2025-05-29
DR-2445,09/06/2026,Erik Lindqvist,,EMEA - Other,Account 045 Holdings,Denmark,Computacenter,New Logo,5 - Proposal,,2026-09-06
DR-2384,04 May 2026,Erik Lindqvist,Dan Eriksen,EMEA - Other,Account 384 GmbH,Ireland,Arrow ECS,Add-On,1 - Submitted,"EUR 22,000.00",2026-11-07
DR-2143,2026-02-16,Tom Whitfield,Mollie Shaw,Nordics,Account 143 AB,United Kingdom,Computacenter,New Logo,7 - Closed Won,"EUR 112,000.00",2026-06-12
DR-1682,2025-06-02,Lukas Brandt,Lena Wirth,EMEA - DACH - Enterprise,Account 082 Ltd,Switzerland,Computacenter,Existing Business - Add-On,7 - Closed Won,"EUR 196,000.00",2025-08-23
DR-1933,2025-10-07,Katharina Vogel,,DACH,Account 333 Group,Germany,Cancom,New Business,7 - Closed Won,,2025-11-23
DR-2218,2026-03-13,Aoife Brennan,Priya Raman,Nordics,Account 218 SpA,Finland,Bechtle AG,New Logo,Rejected - Duplicate,"EUR 192,000.00",2026-06-26
DR-2081,2026-01-15,Tom Whitfield,,Nordics,Account 081 GmbH,Finland,Ingram Micro,Existing Business - Renewal,1 - Submitted,"EUR 230,000.00",2026-04-06
DR-2146,2026-02-08,Sigrid Halvorsen,,EMEA - UKI & Nordics - Commercial,Account 146 SAS,Sweden,Softcat,New Logo,0 - Closed Lost,"EUR 219,000.00",2026-06-01
DR-2088,2026-01-18,Elena Castells,Chiara Bruno,SEMEA,Account 088 Group,France,Arrow ECS,Existing Business - Renewal,4 - Technical Validation,67000,2026-02-12
DR-2367,12 May 2026,Sigrid Halvorsen,Mollie Shaw,Nordics,Account 367 Ltd,Ireland,SHI EMEA,New Logo,4 - Technical Validation,"$49,000",2026-07-14
DR-2176,2026-02-16,Katharina Vogel,,DACH,Account 176 Group,Austria,Northbridge Data,Existing Business - Renewal,7 - Closed Won,"$70,000",2026-08-25
DR-1998,28/11/2025,Lukas Brandt,,DACH,Account 398 AB,Germany,Cancom,New Logo,7 - Closed Won,"EUR 148,000.00",2026-02-09
DR-1663,2025-06-19,Marco Ferrari,Chiara Bruno,EMEA - Southern Europe,Account 063 GmbH,Spain,Softcat,Upsell,0 - Closed Lost,,2025-08-07
DR-2127,2026-02-23,Aoife Brennan,,UKI/Nordics,Account 127 Group,Norway,Computacenter,New Logo,5 - Proposal,"$129,000",2026-04-28
DR-1430,2025-03-05,Elena Castells,Paulo Neves,EMEA - Southern Europe,Account 230 Holdings,Israel,Arrow ECS,New Business,0 - Closed Lost,"$216,000",2025-06-28
DR-1571,2025-05-11,Aoife Brennan,Mollie Shaw,UKI & Nordics,Account 371 Group,United Kingdom,Econocom,Competitive Migration,7 - Closed Won,"EUR 151,000.00",2025-06-24
DR-1608,2025-05-21,Lukas Brandt,,dach pod,Account 008 Ltd,Germany,Northbridge Data,New Business,Rejected - Duplicate,"EUR 153,000.00",2025-09-27
DR-1379,01 Feb 2025,Katharina Vogel,Lena Wirth,EMEA - DACH - Enterprise,Account 179 AB,Austria,Northbridge Data,Existing Business - Renewal,Rejected - Duplicate,"$138,000",2025-04-22
DR-1138,2024-10-07,Lukas Brandt,,dach pod,Account 338 Holdings,Switzerland,Arrow ECS,Existing Business - Renewal,Rejected - Duplicate,,2025-01-22
DR-1976,01/11/2025,Elena Castells,Paulo Neves,Iberia,Account 376 AB,Italy,SHI EMEA,New Logo,7 - Closed Won,51000,2026-04-25
DR-1007,24/09/2024,Aoife Brennan,Dan Eriksen,UKI & Nordics,Account 207 GmbH,Denmark,Softcat,New Business,7 - Closed Won,"$100,000",2024-11-09
DR-1445,2025-03-21,Yannis Papadakis,Chiara Bruno,Southern Europe,Account 245 Group,France,Ingram Micro,Add-On,7 - Closed Won,"$120,000",2025-04-23
DR-2235,2026-03-16,Sofia Almeida,Paulo Neves,Southern Europe,Account 235 SAS,Israel,Econocom,Existing Business - Renewal,4 - Technical Validation,"$120,000",2026-04-10
DR-1027,05/09/2024,Sigrid Halvorsen,Dan Eriksen,,Account 227 SAS,Ireland,Arrow ECS,New Business,0 - Closed Lost,194000,2025-02-06
DR-1700,2025-06-09,Lukas Brandt,Tobias Frank,DACH,Account 100 GmbH,Switzerland,Ingram Micro,Existing Business - Add-On,7 - Closed Won,143000,2025-10-14
DR-1523,02/04/2025,Katharina Vogel,Tobias Frank,EMEA - DACH - Enterprise,Account 323 SpA,Austria,Arrow ECS,Upsell,0 - Closed Lost,"EUR 60,000.00",2025-05-16
DR-1983,04/11/2025,Katharina Vogel,Tobias Frank,EMEA - Other,Account 383 Ltd,Germany,Arrow ECS,New Logo,4 - Technical Validation,"EUR 82,000.00",2026-05-20
DR-1640,2025-06-15,Tom Whitfield,Mollie Shaw,Nordics,Account 040 SAS,Finland,Arrow ECS,New Business,0 - Closed Lost,15000,2025-09-04
DR-2550,2026-07-18,Julien Marchand,,Southern Europe,Account 150 Ltd,Italy,Cancom,Upsell,2 - Approved,"$240,000",2026-10-04
DR-1821,2025-09-27,Aoife Brennan,Priya Raman,Nordics,Account 221 Ltd,Ireland,Arrow ECS,New Business,0 - Closed Lost,,2026-03-09
DR-1321,2025-01-19,Stefan Huber,Tobias Frank,DACH,Account 121 Ltd,Austria,Arrow ECS,New Business,0 - Closed Lost,81000,2025-04-21
DR-1986,02/11/2025,Katharina Vogel,Lena Wirth,DACH,Account 386 AB,Austria,Cancom,Upsell,2 - Approved,"$57,000",2026-04-17
DR-2513,21/06/2026,Lukas Brandt,Tobias Frank,DACH,Account 113 AB,Austria,Computacenter,Existing Business - Add-On,1 - Submitted,"$55,000",2026-12-04
DR-1059,28/09/2024,Stefan Huber,,DACH,Account 259 AB,Austria,Arrow ECS,New Business,7 - Closed Won,"EUR 149,000.00",2025-02-24
DR-2350,2026-04-05,Lukas Brandt,Tobias Frank,dach pod,Account 350 Group,Germany,Arrow ECS,Upsell,6 - Negotiation,"EUR 63,000.00",2026-06-10
DR-1204,2024-11-20,Lukas Brandt,Lena Wirth,dach pod,Account 004 SpA,Germany,Cancom,New Business,0 - Closed Lost,"EUR 160,000.00",2025-01-05
DR-2387,17 May 2026,Callum Reid,Mollie Shaw,UKI & Nordics,Account 387 SAS,Denmark,Bechtle AG,Upsell,Expired,218000,2026-11-13
DR-2668,2024-04-28,Lukas Brandt,Tobias Frank,DACH,Old Account 014,Germany,Arrow ECS,New Business,7 - Closed Won,120000,2024-09-30
DR-2472,18/06/2026,Sigrid Halvorsen,,UKI/Nordics,Account 072 Ltd,Norway,Econocom,Existing Business - Add-On,6 - Negotiation,173000,2026-11-10
DR-1673,2025-06-20,Julien Marchand,Paulo Neves,Iberia,Account 073 SAS,Portugal,TD Synnex,New Business,Expired,"$169,000",2025-08-09
DR-1064,18/09/2024,Katharina Vogel,Tobias Frank,EMEA - DACH - Enterprise,Account 264 GmbH,Germany,Econocom,New Business,0 - Closed Lost,"EUR 29,000.00",2024-10-16
DR-1595,2025-05-24,Elena Castells,Chiara Bruno,EMEA - Southern Europe,Account 395 GmbH,Portugal,TD Synnex,Add-On,7 - Closed Won,"$202,000",2025-11-03
DR-2150,2026-02-25,Elena Castells,,Southern Europe,Account 150 SAS,Portugal,Bechtle AG,New Logo,0 - Closed Lost,"EUR 40,000.00",2026-04-21
DR-1109,2024-10-11,Aoife Brennan,,Nordics,Account 309 Ltd,Ireland,Softcat,Existing Business - Renewal,0 - Closed Lost,"$83,000",2024-11-19
DR-1516,10/04/2025,Sofia Almeida,Chiara Bruno,Iberia,Account 316 Group,Italy,Softcat,Renewal,7 - Closed Won,"$208,000",2025-05-26
DR-1130,2024-10-28,Marco Ferrari,,Southern Europe,Account 330 GmbH,Portugal,Ingram Micro,Add-On,7 - Closed Won,"EUR 167,000.00",2024-11-24
DR-2341,2026-04-17,Lukas Brandt,,EMEA - DACH - Enterprise,Account 341 SpA,Switzerland,Cancom,Existing Business - Add-On,3 - Discovery,117000,2026-07-07
DR-1011,18/09/2024,Aoife Brennan,,EMEA - UKI & Nordics - Commercial,Account 211 SpA,United Kingdom,Bechtle AG,New Business,7 - Closed Won,"EUR 164,000.00",2024-11-08
DR-1524,15/04/2025,Lukas Brandt,,dach pod,Account 324 Holdings,Austria,SHI EMEA,Existing Business - Renewal,7 - Closed Won,"EUR 27,000.00",2025-10-09
DR-1671,2025-06-16,Marco Ferrari,Paulo Neves,EMEA - Southern Europe,Account 071 Holdings,Spain,Ingram Micro,Renewal,0 - Closed Lost,157000,2025-09-02
DR-1456,2025-03-19,Lukas Brandt,Tobias Frank,DACH,Account 256 SAS,Germany,TD Synnex,Renewal,0 - Closed Lost,43000,2025-07-24
DR-2231,2026-03-01,Yannis Papadakis,Chiara Bruno,EMEA - Southern Europe,Account 231 SAS,Israel,Computacenter,New Logo,3 - Discovery,"$235,000",2026-06-09
DR-1810,2025-09-24,Callum Reid,Mollie Shaw,Nordics,Account 210 Holdings,United Kingdom,SHI EMEA,New Business,Rejected - Duplicate,"$137,000",2025-12-28
DR-2149,2026-02-15,Sofia Almeida,Chiara Bruno,Southern Europe,Account 149 AB,Portugal,Arrow ECS,Renewal,Rejected - Duplicate,"EUR 170,000.00",2026-06-30
DR-1923,2025-10-23,Katharina Vogel,Tobias Frank,dach pod,Account 323 Ltd,Austria,Softcat,New Business,5 - Proposal,"EUR 65,000.00",2026-04-07
DR-2401,22 May 2026,Marco Ferrari,Chiara Bruno,Iberia,Account 001 AB,Italy,Cancom,Existing Business - Renewal,3 - Discovery,66000,2026-12-07
DR-1947,2025-10-26,Jonas Richter,Lena Wirth,EMEA - DACH - Enterprise,Account 347 GmbH,Switzerland,Northbridge Data,Add-On,0 - Closed Lost,13000,2026-02-07
DR-1199,2024-11-23,Katharina Vogel,Tobias Frank,DACH,Account 399 SAS,Germany,TD Synnex,Existing Business - Renewal,0 - Closed Lost,"$224,000",2025-02-19
DR-1146,2024-10-15,Katharina Vogel,Lena Wirth,EMEA - DACH - Enterprise,Account 346 SAS,Switzerland,TD Synnex,Add-On,,103000,2025-04-24
DR-1684,2025-06-25,Katharina Vogel,Lena Wirth,DACH,Account 084 Holdings,Switzerland,Computacenter,Competitive Migration,7 - Closed Won,"$66,000",2025-11-12
DR-2499,24/06/2026,Lukas Brandt,Lena Wirth,DACH,Account 099 Group,Austria,Softcat,Migration,2 - Approved,27000,2026-11-07
DR-1097,2024-10-28,Tom Whitfield,,EMEA - UKI & Nordics - Commercial,Account 297 Ltd,Norway,Arrow ECS,New Business,Rejected - Duplicate,"$224,000",2025-05-16
DR-2064,2026-01-17,Callum Reid,Priya Raman,Nordics,Account 064 Holdings,United Kingdom,Cancom,Existing Business - Renewal,7 - Closed Won,127000,2026-08-04
DR-1235,2024-12-13,Marco Ferrari,Paulo Neves,Southern Europe,Account 035 Ltd,Greece,Softcat,New Business,7 - Closed Won,117000,2025-06-13
DR-1115,2024-10-05,Marco Ferrari,Paulo Neves,Iberia,Account 315 Ltd,Greece,SHI EMEA,New Business,0 - Closed Lost,"$20,000",2024-11-11
DR-1882,2025-10-25,Erik Lindqvist,Dan Eriksen,UKI & Nordics,Account 282 Ltd,Norway,Arrow ECS,New Business,Rejected - Duplicate,"EUR 118,000.00",2025-12-31
DR-1270,2025-01-18,Tom Whitfield,Mollie Shaw,UKI/Nordics,Account 070 Ltd,Denmark,Computacenter,New Business,Expired,206000,2025-06-30
DR-1148,2024-10-07,Jonas Richter,Tobias Frank,EMEA - DACH - Enterprise,Account 348 SAS,Austria,Cancom,New Business,7 - Closed Won,"EUR 207,000.00",2025-03-01
DR-1436,2025-03-28,Sofia Almeida,,SEMEA,Account 236 AB,Italy,Bechtle AG,Add-On,0 - Closed Lost,"EUR 214,000.00",2025-04-24
DR-1023,02/09/2024,Tom Whitfield,Priya Raman,UKI & Nordics,Account 223 SAS,United Kingdom,Econocom,New Business,7 - Closed Won,99000,2024-12-11
DR-1193,2024-11-23,Stefan Huber,Tobias Frank,dach pod,Account 393 GmbH,Austria,TD Synnex,Upsell,7 - Closed Won,"$167,000",2025-01-31
DR-1413,2025-03-09,Aoife Brennan,Mollie Shaw,UKI/Nordics,Account 213 Group,Sweden,Bechtle AG,New Business,0 - Closed Lost,"$124,000",2025-08-18
DR-2599,2026-08-22,Lukas Brandt,Tobias Frank,DACH,Account 199 Group,Austria,Cancom,New Logo,4 - Technical Validation,"EUR 91,000.00",2026-10-30
DR-1134,2024-10-27,Katharina Vogel,Tobias Frank,dach pod,Account 334 GmbH,Switzerland,Softcat,New Business,7 - Closed Won,"EUR 111,000.00",2025-03-11
DR-1707,26 Jul 2025,Niamh O'Connor,,Nordics,Account 107 Group,Finland,Ingram Micro,New Business,5 - Proposal,"$66,000",2025-09-24
DR-2614,2025-06-23,Deal Reg Queue,,UKI & Nordics,Queued Account 000,Germany,Bechtle AG,New Business,1 - Submitted,,
DR-2458,20/06/2026,Erik Lindqvist,Mollie Shaw,Nordics,Account 058 Group,United Kingdom,Bechtle AG,Competitive Migration,6 - Negotiation,,2026-07-25
DR-1216,2024-12-12,Tom Whitfield,Priya Raman,UKI & Nordics,Account 016 Holdings,Sweden,Northbridge Data,New Business,7 - Closed Won,231000,2025-03-29
DR-1597,2025-05-03,Julien Marchand,,SEMEA,Account 397 SAS,Israel,Econocom,Existing Business - Add-On,7 - Closed Won,"$119,000",2025-10-25
DR-2480,15/06/2026,Sofia Almeida,Paulo Neves,Southern Europe,Account 080 GmbH,Greece,Econocom,Upsell,0 - Closed Lost,"EUR 207,000.00",2026-12-03
DR-1807,2025-09-18,Callum Reid,Dan Eriksen,EMEA - Other,Account 207 AB,Norway,Arrow ECS,Upsell,0 - Closed Lost,"EUR 114,000.00",2025-11-21
DR-2052,27 Dec 2025,Katharina Vogel,Lena Wirth,dach pod,Account 052 AB,Germany,Northbridge Data,New Logo,0 - Closed Lost,"EUR 191,000.00",2026-04-27
DR-1842,2025-09-16,Yannis Papadakis,Paulo Neves,EMEA - Southern Europe,Account 242 Group,Italy,Northbridge Data,New Business,1 - Submitted,"EUR 200,000.00",2025-12-17
DR-1074,24/09/2024,Nadia Keller,,,Account 274 Holdings,Austria,Computacenter,New Business,0 - Closed Lost,"EUR 232,000.00",2024-11-22
DR-2281,2026-03-03,Lukas Brandt,Tobias Frank,dach pod,Account 281 Holdings,Switzerland,Northbridge Data,New Logo,6 - Negotiation,"EUR 48,000.00",2026-08-26
DR-2279,2026-03-03,Lukas Brandt,,dach pod,Account 279 SAS,Switzerland,Northbridge Data,New Logo,5 - Proposal,"$158,000",2026-04-14
DR-1594,2025-05-09,Julien Marchand,Paulo Neves,Iberia,Account 394 SpA,Israel,Softcat,New Business,Rejected - Duplicate,"$75,000",2025-07-25
DR-1260,2025-01-03,Aoife Brennan,Mollie Shaw,EMEA - Other,Account 060 Group,Ireland,TD Synnex,Renewal,7 - Closed Won,"$207,000",2025-02-08
DR-2069,2026-01-01,Aoife Brennan,,EMEA - UKI & Nordics - Commercial,Account 069 AB,United Kingdom,Arrow ECS,Existing Business - Renewal,2 - Approved,"EUR 48,000.00",2026-02-22
DR-1304,2025-01-21,Julien Marchand,Chiara Bruno,Iberia,Account 104 AB,Spain,Arrow ECS,New Business,7 - Closed Won,185000,2025-06-01
DR-1133,2024-10-16,Katharina Vogel,,dach pod,Account 333 AB,Austria,TD Synnex,Renewal,0 - Closed Lost,"EUR 79,000.00",2025-02-23
DR-2495,28/06/2026,Julien Marchand,Paulo Neves,Southern Europe,Account 095 GmbH,Italy,Northbridge Data,Renewal,6 - Negotiation,"EUR 52,000.00",2026-11-05
DR-1910,2025-10-09,Marco Ferrari,Chiara Bruno,Iberia,Account 310 SpA,Italy,Ingram Micro,Renewal,4 - Technical Validation,"EUR 55,000.00",2025-11-07
DR-1111,2024-10-02,Yannis Papadakis,,Iberia,Account 311 Holdings,Greece,Softcat,Existing Business - Renewal,0 - Closed Lost,45000,2024-10-30
DR-1716,16 Jul 2025,Callum Reid,Priya Raman,EMEA - UKI & Nordics - Commercial,Account 116 SpA,Denmark,TD Synnex,Add-On,7 - Closed Won,"EUR 21,000.00",2025-09-21
DR-2490,28/06/2026,Sofia Almeida,,EMEA - Southern Europe,Account 090 Group,Italy,Softcat,Existing Business - Renewal,3 - Discovery,"EUR 29,000.00",2027-01-04
DR-2008,21 Dec 2025,Tom Whitfield,,UKI & Nordics,Account 008 SpA,Ireland,Cancom,New Logo,3 - Discovery,216000,2026-03-02
DR-2270,2026-03-02,Lukas Brandt,Tobias Frank,EMEA - Other,Account 270 AB,Germany,Arrow ECS,New Logo,Rejected - Duplicate,95000,2026-04-26
DR-2567,2026-07-05,Katharina Vogel,Lena Wirth,DACH,Account 167 Ltd,Switzerland,Arrow ECS,New Logo,0 - Closed Lost,"EUR 145,000.00",2026-09-09
DR-1088,2024-10-23,Niamh O'Connor,Priya Raman,,Account 288 GmbH,Norway,Northbridge Data,Existing Business - Add-On,7 - Closed Won,"EUR 215,000.00",2025-03-22
DR-2630,2025-06-22,Deal Reg Queue,,UKI & Nordics,Queued Account 016,Germany,Bechtle AG,New Business,1 - Submitted,,
DR-1596,2025-05-05,Yannis Papadakis,Chiara Bruno,EMEA - Southern Europe,Account 396 SAS,Portugal,Northbridge Data,New Business,7 - Closed Won,"$126,000",2025-06-20
DR-2019,19 Dec 2025,Tom Whitfield,Mollie Shaw,EMEA - UKI & Nordics - Commercial,Account 019 GmbH,Norway,Cancom,New Logo,0 - Closed Lost,171000,2026-05-21
DR-1991,24/11/2025,Lukas Brandt,Lena Wirth,EMEA - DACH - Enterprise,Account 391 AB,Austria,TD Synnex,Existing Business - Renewal,Rejected - Duplicate,190000,2026-05-15
DR-1518,05/04/2025,Marco Ferrari,Paulo Neves,SEMEA,Account 318 SpA,Greece,Cancom,New Business,7 - Closed Won,157000,2025-10-20
DR-2135,2026-02-25,Callum Reid,Dan Eriksen,Nordics,Account 135 Group,Ireland,Arrow ECS,Add-On,1 - Submitted,"EUR 84,000.00",2026-06-26
DR-2171,2026-02-11,Katharina Vogel,Lena Wirth,DACH,Account 171 SpA,Germany,Ingram Micro,New Logo,2 - Approved,"$220,000",2026-03-13
DR-1365,02 Feb 2025,Marco Ferrari,,EMEA - Southern Europe,Account 165 Ltd,Italy,TD Synnex,New Business,Expired,"$173,000",2025-08-11
DR-2373,03 May 2026,Tom Whitfield,,EMEA - Other,Account 373 Ltd,Ireland,SHI EMEA,Migration,4 - Technical Validation,"$156,000",2026-10-10
DR-2035,22 Dec 2025,Elena Castells,Chiara Bruno,Southern Europe,Account 035 Holdings,Israel,Bechtle AG,Migration,4 - Technical Validation,83000,2026-03-17
DR-2285,2026-04-18,Erik Lindqvist,Priya Raman,EMEA - UKI & Nordics - Commercial,Account 285 GmbH,Denmark,Northbridge Data,Upsell,0 - Closed Lost,226000,2026-05-15
DR-2156,2026-02-19,Yannis Papadakis,,Iberia,Account 156 GmbH,Israel,Bechtle AG,Existing Business - Add-On,2 - Approved,"$115,000",2026-06-14
DR-2139,2026-02-04,Aoife Brennan,,UKI & Nordics,Account 139 Holdings,Ireland,SHI EMEA,Renewal,5 - Proposal,186000,2026-06-15
DR-1081,05/09/2024,Lukas Brandt,,DACH,Account 281 SAS,Germany,SHI EMEA,Competitive Migration,0 - Closed Lost,"$31,000",2024-11-22
DR-1852,2025-09-15,Lukas Brandt,Tobias Frank,dach pod,Account 252 SpA,Germany,Bechtle AG,Add-On,5 - Proposal,"EUR 95,000.00",2025-12-25
DR-1370,18 Feb 2025,Elena Castells,Chiara Bruno,SEMEA,Account 170 Group,Spain,Arrow ECS,New Business,Rejected - Duplicate,"$186,000",2025-05-29
DR-1870,2025-09-22,Katharina Vogel,Lena Wirth,DACH,Account 270 GmbH,Austria,Ingram Micro,Upsell,0 - Closed Lost,"EUR 240,000.00",2025-12-05
DR-1993,05/11/2025,Lukas Brandt,Tobias Frank,EMEA - DACH - Enterprise,Account 393 GmbH,Germany,Softcat,Add-On,4 - Technical Validation,24000,2025-12-29
DR-1411,2025-03-25,Tom Whitfield,Dan Eriksen,Nordics,Account 211 Holdings,Norway,Computacenter,Upsell,7 - Closed Won,"EUR 109,000.00",2025-08-07
DR-1861,2025-09-26,Lukas Brandt,Tobias Frank,DACH,Account 261 Ltd,Austria,Northbridge Data,Existing Business - Add-On,7 - Closed Won,220000,2026-04-10
DR-1172,2024-11-26,Niamh O'Connor,Priya Raman,UKI/Nordics,Account 372 SAS,Norway,Computacenter,New Business,Rejected - Duplicate,"EUR 52,000.00",2025-04-21
DR-1526,04/04/2025,Stefan Huber,Tobias Frank,EMEA - DACH - Enterprise,Account 326 SAS,Germany,Northbridge Data,Existing Business - Add-On,7 - Closed Won,"$182,000",2025-07-29
DR-1184,2024-11-24,Julien Marchand,Chiara Bruno,Southern Europe,Account 384 SAS,Italy,Arrow ECS,New Business,7 - Closed Won,13000,2025-05-14
DR-1099,2024-10-13,Aoife Brennan,Priya Raman,EMEA - UKI & Nordics - Commercial,Account 299 Holdings,United Kingdom,Computacenter,Competitive Migration,Rejected - Duplicate,"EUR 168,000.00",2025-03-25
DR-1484,01/04/2025,Niamh O'Connor,Dan Eriksen,Nordics,Account 284 Ltd,Ireland,TD Synnex,Renewal,7 - Closed Won,"EUR 157,000.00",2025-07-16
DR-1417,2025-03-24,Tom Whitfield,,UKI & Nordics,Account 217 Ltd,Sweden,SHI EMEA,Existing Business - Add-On,7 - Closed Won,"EUR 98,000.00",2025-07-23
DR-1754,2025-08-23,Aoife Brennan,,Nordics,Account 154 SpA,United Kingdom,Bechtle AG,Migration,Rejected - Duplicate,"EUR 48,000.00",2025-12-01
DR-2128,2026-02-22,Sigrid Halvorsen,Priya Raman,UKI/Nordics,Account 128 SAS,Finland,Arrow ECS,New Logo,Expired,"EUR 31,000.00",2026-05-23
DR-2327,2026-04-14,Lukas Brandt,,dach pod,Account 327 GmbH,Austria,Northbridge Data,Existing Business - Add-On,4 - Technical Validation,"$63,000",2026-07-21
DR-1422,2025-03-14,Niamh O'Connor,Mollie Shaw,UKI/Nordics,Account 222 SAS,Finland,Softcat,Competitive Migration,Rejected - Duplicate,"$12,000",2025-08-21
DR-2132,2026-02-23,Callum Reid,,UKI & Nordics,Account 132 Holdings,Denmark,TD Synnex,Upsell,2 - Approved,40000,2026-07-29
DR-2647,2025-04-15,Channel Queue,,DACH,Queued Account 033,Germany,Computacenter,New Business,1 - Submitted,,
DR-1242,2024-12-25,Marco Ferrari,Chiara Bruno,EMEA - Southern Europe,Account 042 Group,Greece,Computacenter,Add-On,Rejected - Duplicate,"EUR 30,000.00",2025-07-07
DR-1893,2025-10-17,Erik Lindqvist,Mollie Shaw,UKI/Nordics,Account 293 Ltd,Denmark,TD Synnex,New Business,Rejected - Duplicate,"EUR 33,000.00",2026-01-11
DR-2418,04 May 2026,Lukas Brandt,,DACH,Account 018 SpA,Switzerland,Northbridge Data,New Logo,1 - Submitted,92000,2026-10-25
DR-1573,2025-05-10,Tom Whitfield,Mollie Shaw,UKI/Nordics,Account 373 Group,Sweden,Cancom,Upsell,0 - Closed Lost,14000,2025-06-14
DR-1886,2025-10-22,Sigrid Halvorsen,,,Account 286 SAS,Finland,Softcat,New Business,Rejected - Duplicate,"$45,000",2026-02-25
DR-1137,2024-10-25,Jonas Richter,Tobias Frank,DACH,Account 337 Holdings,Switzerland,Bechtle AG,Migration,7 - Closed Won,"$184,000",2025-03-29
DR-2470,01/06/2026,Callum Reid,Mollie Shaw,Nordics,Account 070 AB,Denmark,Arrow ECS,Existing Business - Renewal,0 - Closed Lost,233000,2026-07-20
DR-2319,2026-04-21,Marco Ferrari,,Iberia,Account 319 SpA,Italy,SHI EMEA,Upsell,5 - Proposal,,2026-08-27
DR-2077,2026-01-01,Sigrid Halvorsen,Priya Raman,Nordics,Account 077 Ltd,Norway,Ingram Micro,Renewal,1 - Submitted,126000,2026-02-03
DR-2589,2026-08-07,Julien Marchand,,SEMEA,Account 189 GmbH,Israel,Bechtle AG,New Logo,6 - Negotiation,"EUR 192,000.00",2026-10-05
DR-1030,10/09/2024,Julien Marchand,Paulo Neves,EMEA - Southern Europe,Account 230 SAS,Italy,Cancom,Renewal,0 - Closed Lost,160000,2024-10-12
DR-1091,2024-10-18,Tom Whitfield,,UKI/Nordics,Account 291 Holdings,United Kingdom,Computacenter,Add-On,Expired,"$91,000",2024-12-21
DR-2302,2026-04-15,Tom Whitfield,Dan Eriksen,UKI & Nordics,Account 302 GmbH,Norway,TD Synnex,New Logo,6 - Negotiation,"EUR 223,000.00",2026-06-27
DR-2232,2026-03-09,Sofia Almeida,Paulo Neves,Southern Europe,Account 232 Group,Spain,TD Synnex,Existing Business - Renewal,7 - Closed Won,"EUR 135,000.00",2026-07-18
DR-1635,2025-06-24,Tom Whitfield,Mollie Shaw,,Account 035 Group,Sweden,Computacenter,New Business,7 - Closed Won,204000,2025-11-04
DR-1192,2024-11-20,Katharina Vogel,Lena Wirth,dach pod,Account 392 SpA,Austria,Ingram Micro,New Business,7 - Closed Won,209000,2025-03-09
DR-1848,2025-09-20,Sofia Almeida,Chiara Bruno,Iberia,Account 248 Group,Spain,Computacenter,New Business,7 - Closed Won,45000,2025-11-10
DR-2287,2026-04-24,Erik Lindqvist,,EMEA - UKI & Nordics - Commercial,Account 287 Group,Finland,SHI EMEA,Migration,Rejected - Duplicate,123000,2026-10-07
DR-1874,2025-10-27,Tom Whitfield,,EMEA - UKI & Nordics - Commercial,Account 274 SAS,Denmark,Econocom,New Business,2 - Approved,51000,2026-02-16
DR-1404,2025-03-09,Aoife Brennan,,EMEA - UKI & Nordics - Commercial,Account 204 SpA,Norway,TD Synnex,Existing Business - Renewal,7 - Closed Won,"$152,000",2025-05-02
DR-1106,2024-10-02,Niamh O'Connor,Mollie Shaw,UKI/Nordics,Account 306 GmbH,Norway,Cancom,Competitive Migration,7 - Closed Won,"$105,000",2024-12-25
DR-1753,2025-08-24,Aoife Brennan,Priya Raman,UKI & Nordics,Account 153 SpA,Ireland,Computacenter,New Business,7 - Closed Won,"$127,000",2026-02-15
DR-1494,03/04/2025,Tom Whitfield,,UKI & Nordics,Account 294 GmbH,Ireland,Cancom,New Business,0 - Closed Lost,"$215,000",2025-09-25
DR-2547,2026-07-03,Sofia Almeida,Paulo Neves,,Account 147 SAS,Israel,Arrow ECS,Existing Business - Add-On,4 - Technical Validation,"EUR 149,000.00",2026-11-12
DR-1419,2025-03-03,Tom Whitfield,Priya Raman,UKI/Nordics,Account 219 AB,Denmark,SHI EMEA,New Business,7 - Closed Won,"EUR 203,000.00",2025-04-29
DR-1273,2025-01-06,Aoife Brennan,,UKI & Nordics,Account 073 AB,Finland,Northbridge Data,Renewal,5 - Proposal,"$47,000",2025-04-07
DR-1710,07 Jul 2025,Tom Whitfield,Mollie Shaw,UKI & Nordics,Account 110 Holdings,Denmark,Bechtle AG,New Business,,26000,2025-08-08
DR-2250,2026-03-22,Elena Castells,,EMEA - Southern Europe,Account 250 GmbH,Greece,Econocom,Existing Business - Renewal,5 - Proposal,"$152,000",2026-09-20
DR-2177,2026-02-03,Lukas Brandt,,dach pod,Account 177 SAS,Germany,Computacenter,New Logo,6 - Negotiation,102000,2026-05-15
DR-1323,2025-01-13,Lukas Brandt,Tobias Frank,dach pod,Account 123 GmbH,Austria,Northbridge Data,New Business,7 - Closed Won,"$188,000",2025-06-12
DR-1613,2025-05-10,Lukas Brandt,Lena Wirth,dach pod,Account 013 Group,Switzerland,Ingram Micro,Existing Business - Renewal,Expired,117000,2025-09-03
DR-1844,2025-09-06,Julien Marchand,,SEMEA,Account 244 Ltd,Greece,Ingram Micro,New Business,Rejected - Duplicate,89000,2025-10-24
DR-1735,02 Jul 2025,Elena Castells,Paulo Neves,SEMEA,Account 135 Holdings,Israel,Econocom,Upsell,7 - Closed Won,"EUR 73,000.00",2025-08-17
DR-2239,2026-03-04,Yannis Papadakis,Chiara Bruno,Iberia,Account 239 Ltd,Italy,Arrow ECS,New Logo,3 - Discovery,"EUR 85,000.00",2026-04-14
DR-2004,24/11/2025,Katharina Vogel,,DACH,Account 004 Group,Austria,Arrow ECS,Existing Business - Renewal,2 - Approved,113000,2026-03-03
DR-2674,2024-02-05,Lukas Brandt,Tobias Frank,DACH,Old Account 020,Germany,Computacenter,New Business,7 - Closed Won,120000,2024-09-30
DR-2649,2025-08-10,Integration User,,UKI & Nordics,Queued Account 035,Germany,Bechtle AG,New Business,1 - Submitted,,
DR-1537,15/04/2025,Stefan Huber,Lena Wirth,dach pod,Account 337 AB,Germany,Econocom,Upsell,7 - Closed Won,95000,2025-10-18
DR-2487,09/06/2026,Elena Castells,Paulo Neves,EMEA - Southern Europe,Account 087 Group,Israel,Bechtle AG,Existing Business - Add-On,1 - Submitted,"EUR 82,000.00",2026-10-07
DR-2178,2026-02-02,Lukas Brandt,Tobias Frank,DACH,Account 178 Group,Austria,Ingram Micro,Add-On,3 - Discovery,"EUR 150,000.00",2026-05-11
DR-2059,21 Dec 2025,Katharina Vogel,Lena Wirth,dach pod,Account 059 Holdings,Switzerland,Northbridge Data,Existing Business - Renewal,6 - Negotiation,"EUR 220,000.00",2026-01-26
DR-1463,2025-03-24,Katharina Vogel,Tobias Frank,dach pod,Account 263 Holdings,Germany,Northbridge Data,New Business,0 - Closed Lost,111000,2025-08-05
DR-1473,2025-03-07,Stefan Huber,,EMEA - DACH - Enterprise,Account 273 GmbH,Germany,Softcat,New Business,3 - Discovery,"$64,000",2025-06-03
DR-2288,2026-04-15,Tom Whitfield,,UKI/Nordics,Account 288 Holdings,Norway,Arrow ECS,Existing Business - Add-On,4 - Technical Validation,173000,2026-09-12
DR-2161,2026-02-09,Elena Castells,Chiara Bruno,Southern Europe,Account 161 Holdings,Italy,Bechtle AG,Existing Business - Renewal,5 - Proposal,70000,2026-06-03
DR-1412,2025-03-17,Niamh O'Connor,Priya Raman,UKI/Nordics,Account 212 Group,Norway,TD Synnex,Existing Business - Renewal,7 - Closed Won,"EUR 232,000.00",2025-05-24
DR-1672,2025-06-07,Marco Ferrari,Chiara Bruno,Southern Europe,Account 072 GmbH,Greece,Computacenter,Existing Business - Add-On,7 - Closed Won,"EUR 173,000.00",2025-07-10
DR-1455,2025-03-13,Lukas Brandt,Tobias Frank,DACH,Account 255 SAS,Germany,SHI EMEA,New Business,0 - Closed Lost,"$21,000",2025-05-08
DR-1391,25 Feb 2025,Lukas Brandt,Tobias Frank,DACH,Account 191 SAS,Germany,Econocom,Renewal,0 - Closed Lost,"EUR 198,000.00",2025-03-25
DR-1768,2025-08-21,Sigrid Halvorsen,Mollie Shaw,Nordics,Account 168 Group,Ireland,Softcat,New Business,7 - Closed Won,"EUR 177,000.00",2025-10-16
DR-2115,2026-01-06,Lukas Brandt,,EMEA - DACH - Enterprise,Account 115 SAS,Austria,Northbridge Data,New Logo,4 - Technical Validation,"$147,000",2026-03-23
DR-1380,09 Feb 2025,Katharina Vogel,,dach pod,Account 180 Group,Austria,TD Synnex,Existing Business - Renewal,Rejected - Duplicate,"$90,000",2025-04-10
DR-1279,2025-01-09,Aoife Brennan,Priya Raman,Nordics,Account 079 AB,Ireland,TD Synnex,New Business,7 - Closed Won,"EUR 120,000.00",2025-03-26
DR-2330,2026-04-08,Lukas Brandt,Tobias Frank,DACH,Account 330 SpA,Germany,Econocom,Add-On,0 - Closed Lost,"$224,000",2026-06-10
DR-2530,2026-07-12,Aoife Brennan,Priya Raman,Nordics,Account 130 SAS,Norway,Econocom,New Logo,4 - Technical Validation,115000,2026-09-09
DR-1351,01 Feb 2025,Aoife Brennan,Mollie Shaw,UKI/Nordics,Account 151 AB,Finland,Northbridge Data,Renewal,7 - Closed Won,"$164,000",2025-04-21
DR-2033,03 Dec 2025,Yannis Papadakis,Chiara Bruno,Iberia,Account 033 AB,Israel,Computacenter,New Logo,7 - Closed Won,"$21,000",2025-12-31
DR-1940,2025-10-02,Lukas Brandt,Tobias Frank,DACH,Account 340 AB,Austria,Ingram Micro,Existing Business - Renewal,6 - Negotiation,"$139,000",2026-04-13
DR-1967,10/11/2025,Sigrid Halvorsen,Dan Eriksen,UKI/Nordics,Account 367 AB,Finland,Bechtle AG,New Logo,Rejected - Duplicate,159000,2026-05-13
DR-2230,2026-03-15,Julien Marchand,Paulo Neves,EMEA - Southern Europe,Account 230 Ltd,France,Cancom,Existing Business - Renewal,7 - Closed Won,"EUR 70,000.00",2026-07-07
DR-1173,2024-11-10,Aoife Brennan,Priya Raman,UKI/Nordics,Account 373 Ltd,Sweden,Econocom,New Business,Expired,"$125,000",2025-04-12
DR-1520,26/04/2025,Sofia Almeida,,Southern Europe,Account 320 SpA,Spain,Bechtle AG,Existing Business - Renewal,0 - Closed Lost,"EUR 159,000.00",2025-07-19
DR-1215,2024-12-05,Aoife Brennan,Priya Raman,Nordics,Account 015 AB,United Kingdom,Ingram Micro,Existing Business - Add-On,Expired,"EUR 120,000.00",2025-05-15
DR-1690,2025-06-15,Nadia Keller,Lena Wirth,DACH,Account 090 SpA,Austria,Cancom,Existing Business - Add-On,3 - Discovery,"EUR 178,000.00",2025-11-24
DR-1745,20 Jul 2025,Katharina Vogel,Tobias Frank,dach pod,Account 145 SAS,Austria,TD Synnex,New Business,5 - Proposal,"$210,000",2026-01-08
DR-2607,2026-08-19,Katharina Vogel,Lena Wirth,,Account 207 Ltd,Germany,Computacenter,New Logo,2 - Approved,"EUR 107,000.00",2026-12-12
DR-1876,2025-10-28,Callum Reid,Priya Raman,Nordics,Account 276 GmbH,Denmark,Northbridge Data,Existing Business - Add-On,7 - Closed Won,"EUR 185,000.00",2026-01-31
DR-2422,27 May 2026,Lukas Brandt,Tobias Frank,DACH,Account 022 AB,Germany,SHI EMEA,New Logo,6 - Negotiation,,2026-09-19
DR-2324,2026-04-28,Elena Castells,Paulo Neves,SEMEA,Account 324 GmbH,Greece,SHI EMEA,Renewal,5 - Proposal,,2026-07-17
DR-1298,2025-01-08,Julien Marchand,,SEMEA,Account 098 Holdings,Israel,TD Synnex,New Business,2 - Approved,"EUR 179,000.00",2025-03-23
DR-1230,2024-12-11,Sofia Almeida,,Iberia,Account 030 Group,Portugal,Softcat,New Business,0 - Closed Lost,"EUR 43,000.00",2025-02-20
DR-2011,19 Dec 2025,Sigrid Halvorsen,Priya Raman,,Account 011 Group,Denmark,SHI EMEA,Renewal,7 - Closed Won,"EUR 33,000.00",2026-04-01
DR-2597,2026-08-02,Katharina Vogel,Lena Wirth,DACH,Account 197 GmbH,Switzerland,Cancom,New Logo,Rejected - Duplicate,"EUR 91,000.00",2026-12-09
DR-1674,2025-06-18,Marco Ferrari,Chiara Bruno,Iberia,Account 074 AB,France,Computacenter,New Business,0 - Closed Lost,"EUR 27,000.00",2025-10-09
DR-1333,25 Feb 2025,Niamh O'Connor,,Nordics,Account 133 SAS,United Kingdom,Northbridge Data,Upsell,0 - Closed Lost,"EUR 117,000.00",2025-05-30
DR-1803,2025-09-22,Aoife Brennan,,UKI & Nordics,Account 203 AB,Norway,Arrow ECS,New Business,7 - Closed Won,173000,2026-03-24
DR-1165,2024-11-10,Sigrid Halvorsen,Priya Raman,EMEA - UKI & Nordics - Commercial,Account 365 SpA,Denmark,TD Synnex,Existing Business - Renewal,Expired,62000,2025-05-24
DR-2356,2026-04-27,Katharina Vogel,Lena Wirth,DACH,Account 356 Holdings,Austria,Softcat,New Logo,7 - Closed Won,14000,2026-08-16
DR-1575,2025-05-04,Callum Reid,Dan Eriksen,UKI & Nordics,Account 375 AB,Denmark,Softcat,New Business,7 - Closed Won,"$109,000",2025-08-17
DR-2278,2026-03-15,Lukas Brandt,,dach pod,Account 278 Ltd,Switzerland,Arrow ECS,New Logo,3 - Discovery,"EUR 233,000.00",2026-08-06
DR-2338,2026-04-04,Katharina Vogel,,DACH,Account 338 AB,Austria,Computacenter,Competitive Migration,4 - Technical Validation,"EUR 240,000.00",2026-08-08
DR-1946,2025-10-17,Lukas Brandt,Lena Wirth,EMEA - DACH - Enterprise,Account 346 GmbH,Germany,Econocom,New Business,Rejected - Duplicate,"$107,000",2026-02-10
DR-2403,13 May 2026,Elena Castells,Chiara Bruno,EMEA - Southern Europe,Account 003 Group,Portugal,SHI EMEA,Existing Business - Renewal,5 - Proposal,"$54,000",2026-11-04
DR-2254,2026-03-06,Marco Ferrari,Paulo Neves,SEMEA,Account 254 Ltd,Portugal,Computacenter,New Logo,7 - Closed Won,"EUR 121,000.00",2026-08-04
DR-1243,2024-12-26,Julien Marchand,Chiara Bruno,Iberia,Account 043 SpA,Spain,Ingram Micro,New Business,Rejected - Duplicate,"EUR 98,000.00",2025-04-03
DR-2496,18/06/2026,Elena Castells,Paulo Neves,Southern Europe,Account 096 SAS,Greece,Softcat,Existing Business - Add-On,7 - Closed Won,,2026-10-08
DR-1795,2025-08-16,Katharina Vogel,Tobias Frank,DACH,Account 195 SpA,Austria,Cancom,New Business,7 - Closed Won,"$65,000",2025-11-23
DR-2592,2026-08-08,Sofia Almeida,Chiara Bruno,EMEA - Southern Europe,Account 192 SpA,France,Northbridge Data,New Logo,3 - Discovery,34000,2026-12-04
DR-2267,2026-03-08,Lukas Brandt,Tobias Frank,DACH,Account 267 GmbH,Switzerland,Econocom,New Logo,Rejected - Duplicate,"$82,000",2026-05-15
DR-1155,2024-11-07,Aoife Brennan,Dan Eriksen,EMEA - UKI & Nordics - Commercial,Account 355 Ltd,Norway,Computacenter,New Business,Rejected - Duplicate,46000,2025-01-06
DR-2056,02 Dec 2025,Lukas Brandt,Tobias Frank,dach pod,Account 056 Ltd,Austria,Softcat,New Logo,7 - Closed Won,"EUR 230,000.00",2026-05-15
DR-1825,2025-09-09,Aoife Brennan,Dan Eriksen,EMEA - UKI & Nordics - Commercial,Account 225 Holdings,Finland,Softcat,New Business,7 - Closed Won,"$223,000",2025-12-03
DR-1368,28 Feb 2025,Sofia Almeida,Chiara Bruno,SEMEA,Account 168 Ltd,France,TD Synnex,Upsell,0 - Closed Lost,"EUR 164,000.00",2025-09-03
DR-2427,17 May 2026,Lukas Brandt,,dach pod,Account 027 Ltd,Switzerland,Softcat,New Logo,4 - Technical Validation,235000,2026-11-10
DR-1542,14/04/2025,Nadia Keller,Tobias Frank,DACH,Account 342 Ltd,Germany,SHI EMEA,New Business,7 - Closed Won,"$99,000",2025-05-14
DR-1648,2025-06-23,Sigrid Halvorsen,Priya Raman,,Account 048 SAS,Ireland,Econocom,New Business,Expired,"EUR 59,000.00",2025-08-02
DR-1678,2025-06-26,Katharina Vogel,Lena Wirth,EMEA - DACH - Enterprise,Account 078 Ltd,Austria,Arrow ECS,New Business,7 - Closed Won,10000,2025-09-17
DR-1092,2024-10-25,Sigrid Halvorsen,Priya Raman,UKI/Nordics,Account 292 AB,Denmark,SHI EMEA,New Business,4 - Technical Validation,"EUR 165,000.00",2024-11-28
DR-2441,04/06/2026,Callum Reid,Priya Raman,Nordics,Account 041 Ltd,Denmark,Arrow ECS,Existing Business - Renewal,4 - Technical Validation,"EUR 137,000.00",2026-12-12
DR-1349,20 Feb 2025,Tom Whitfield,Dan Eriksen,,Account 149 GmbH,Finland,Econocom,New Business,7 - Closed Won,"$170,000",2025-07-09
DR-2053,10 Dec 2025,Nadia Keller,Lena Wirth,EMEA - DACH - Enterprise,Account 053 SpA,Switzerland,Northbridge Data,Existing Business - Add-On,7 - Closed Won,"$149,000",2026-02-28
DR-1879,2025-10-20,Tom Whitfield,Priya Raman,,Account 279 SpA,Ireland,Ingram Micro,New Business,7 - Closed Won,"$133,000",2026-01-28
DR-1961,19/11/2025,Erik Lindqvist,,UKI/Nordics,Account 361 Group,Norway,Ingram Micro,Add-On,6 - Negotiation,"EUR 24,000.00",2026-01-05
DR-1232,2024-12-08,Marco Ferrari,Paulo Neves,Iberia,Account 032 AB,France,Cancom,New Business,7 - Closed Won,"$173,000",2025-02-23
DR-1788,2025-08-01,Katharina Vogel,Tobias Frank,dach pod,Account 188 Holdings,Germany,Ingram Micro,Add-On,0 - Closed Lost,28000,2026-01-27
DR-1274,2025-01-16,Aoife Brennan,Mollie Shaw,UKI & Nordics,Account 074 Group,Denmark,SHI EMEA,New Business,0 - Closed Lost,,2025-05-16
DR-2560,2026-07-13,Stefan Huber,Tobias Frank,dach pod,Account 160 AB,Switzerland,Northbridge Data,Renewal,1 - Submitted,"EUR 217,000.00",2026-10-30
DR-1614,2025-05-12,Lukas Brandt,,dach pod,Account 014 Holdings,Austria,Arrow ECS,New Business,0 - Closed Lost,"EUR 31,000.00",2025-06-08
DR-2464,26/06/2026,Aoife Brennan,Dan Eriksen,UKI & Nordics,Account 064 Holdings,Sweden,Econocom,New Logo,3 - Discovery,"$214,000",2026-09-13
DR-1209,2024-11-12,Stefan Huber,,EMEA - Other,Account 009 AB,Austria,Bechtle AG,New Business,Expired,"$203,000",2024-12-26
DR-1498,13/04/2025,Aoife Brennan,,UKI & Nordics,Account 298 Group,United Kingdom,Bechtle AG,Migration,1 - Submitted,"$208,000",2025-09-21
DR-1612,2025-05-16,Nadia Keller,Tobias Frank,dach pod,Account 012 SpA,Switzerland,Bechtle AG,New Business,0 - Closed Lost,,2025-11-21
DR-1246,2024-12-06,Julien Marchand,Chiara Bruno,Iberia,Account 046 SpA,Italy,Ingram Micro,New Business,7 - Closed Won,47000,2025-05-28
DR-1236,2024-12-14,Yannis Papadakis,,Southern Europe,Account 036 Ltd,Greece,Softcat,Upsell,0 - Closed Lost,88000,2025-04-25
DR-2408,28 May 2026,Lukas Brandt,Tobias Frank,dach pod,Account 008 SpA,Germany,Cancom,Renewal,Rejected - Duplicate,"$229,000",2026-07-18
DR-1905,2025-10-03,Sofia Almeida,,Iberia,Account 305 AB,France,SHI EMEA,New Business,5 - Proposal,,2025-11-06
DR-2508,23/06/2026,Katharina Vogel,Tobias Frank,EMEA - DACH - Enterprise,Account 108 Ltd,Germany,Softcat,Existing Business - Add-On,3 - Discovery,"EUR 30,000.00",2026-11-10
DR-1628,2025-06-25,Callum Reid,Mollie Shaw,UKI/Nordics,Account 028 SAS,Ireland,Econocom,Renewal,7 - Closed Won,"EUR 237,000.00",2025-11-25
DR-1655,2025-06-03,Aoife Brennan,Dan Eriksen,Nordics,Account 055 SAS,Norway,TD Synnex,Migration,,"EUR 220,000.00",2025-09-03
DR-1915,2025-10-15,Elena Castells,Paulo Neves,EMEA - Southern Europe,Account 315 SAS,France,Arrow ECS,Existing Business - Renewal,6 - Negotiation,"$129,000",2026-01-08
DR-1583,2025-05-16,Yannis Papadakis,Paulo Neves,Iberia,Account 383 Group,Greece,Softcat,New Business,Rejected - Duplicate,165000,2025-10-10
DR-1271,2025-01-14,Niamh O'Connor,Priya Raman,UKI & Nordics,Account 071 SAS,Sweden,Northbridge Data,Existing Business - Add-On,0 - Closed Lost,"EUR 88,000.00",2025-03-14
DR-1044,19/09/2024,Elena Castells,Chiara Bruno,Southern Europe,Account 244 Group,France,Cancom,Existing Business - Add-On,7 - Closed Won,"EUR 188,000.00",2024-12-05
DR-2243,2026-03-05,Sofia Almeida,Paulo Neves,Southern Europe,Account 243 SpA,Portugal,Computacenter,New Logo,7 - Closed Won,"EUR 92,000.00",2026-08-29
DR-1943,2025-10-20,Katharina Vogel,Tobias Frank,EMEA - DACH - Enterprise,Account 343 Holdings,Austria,TD Synnex,New Business,0 - Closed Lost,"EUR 205,000.00",2025-11-26
DR-2421,19 May 2026,Stefan Huber,,dach pod,Account 021 AB,Germany,SHI EMEA,Competitive Migration,,"EUR 169,000.00",2026-07-25
DR-2491,22/06/2026,Sofia Almeida,Paulo Neves,Iberia,Account 091 Holdings,Italy,Computacenter,Renewal,2 - Approved,,2026-11-26
DR-2201,2026-03-12,Aoife Brennan,Dan Eriksen,Nordics,Account 201 GmbH,United Kingdom,SHI EMEA,Upsell,4 - Technical Validation,"$47,000",2026-07-16
DR-2398,23 May 2026,Elena Castells,,SEMEA,Account 398 GmbH,Spain,Arrow ECS,Existing Business - Renewal,4 - Technical Validation,"$93,000",2026-08-11
DR-2192,2026-02-28,Katharina Vogel,Tobias Frank,EMEA - DACH - Enterprise,Account 192 Ltd,Austria,Arrow ECS,Renewal,6 - Negotiation,199000,2026-06-23
DR-1418,2025-03-27,Aoife Brennan,Priya Raman,UKI & Nordics,Account 218 SpA,Sweden,SHI EMEA,New Business,0 - Closed Lost,38000,2025-08-05
DR-2103,2026-01-20,Lukas Brandt,Tobias Frank,DACH,Account 103 Holdings,Switzerland,Cancom,New Logo,7 - Closed Won,"EUR 195,000.00",2026-05-20
DR-1067,09/09/2024,Katharina Vogel,Tobias Frank,dach pod,Account 267 SpA,Switzerland,Cancom,Add-On,0 - Closed Lost,"$100,000",2024-11-27
DR-2078,2026-01-04,Aoife Brennan,Mollie Shaw,EMEA - UKI & Nordics - Commercial,Account 078 Group,Sweden,Computacenter,New Logo,6 - Negotiation,,2026-06-05
DR-1727,05 Jul 2025,Yannis Papadakis,Chiara Bruno,Southern Europe,Account 127 Group,Portugal,Econocom,Existing Business - Renewal,7 - Closed Won,"EUR 140,000.00",2025-12-15
DR-1384,07 Feb 2025,Katharina Vogel,Tobias Frank,EMEA - DACH - Enterprise,Account 184 SpA,Germany,SHI EMEA,New Business,7 - Closed Won,"EUR 75,000.00",2025-06-04
DR-2256,2026-03-25,Lukas Brandt,Lena Wirth,EMEA - DACH - Enterprise,Account 256 GmbH,Switzerland,Bechtle AG,New Logo,2 - Approved,"EUR 158,000.00",2026-10-02
DR-1750,2025-08-23,Sigrid Halvorsen,Mollie Shaw,UKI & Nordics,Account 150 SpA,Denmark,SHI EMEA,New Business,Rejected - Duplicate,"EUR 83,000.00",2025-10-27
DR-2669,2024-03-11,Lukas Brandt,Tobias Frank,DACH,Old Account 015,Germany,Bechtle AG,New Business,7 - Closed Won,120000,2024-09-30
DR-1080,02/09/2024,Stefan Huber,Lena Wirth,EMEA - DACH - Enterprise,Account 280 GmbH,Austria,Computacenter,New Business,7 - Closed Won,"EUR 66,000.00",2024-10-24
DR-1374,27 Feb 2025,Julien Marchand,,EMEA - Other,Account 174 GmbH,Spain,TD Synnex,Competitive Migration,7 - Closed Won,55000,2025-08-16
DR-2003,05/11/2025,Katharina Vogel,Lena Wirth,,Account 003 Ltd,Switzerland,Ingram Micro,Upsell,7 - Closed Won,"$22,000",2025-12-22
DR-1618,2025-05-26,Katharina Vogel,Lena Wirth,dach pod,Account 018 Ltd,Austria,Computacenter,New Business,Rejected - Duplicate,"$202,000",2025-08-26
DR-2663,2024-06-10,Lukas Brandt,Tobias Frank,DACH,Old Account 009,Germany,Cancom,New Business,7 - Closed Won,120000,2024-09-30
DR-2071,2026-01-02,Tom Whitfield,Mollie Shaw,UKI & Nordics,Account 071 Holdings,United Kingdom,Econocom,New Logo,5 - Proposal,22000,2026-05-19
DR-2465,10/06/2026,Aoife Brennan,Dan Eriksen,EMEA - UKI & Nordics - Commercial,Account 065 AB,Sweden,Northbridge Data,Migration,1 - Submitted,"$102,000",2026-10-01
DR-1483,22/04/2025,Callum Reid,,Nordics,Account 283 Holdings,Sweden,SHI EMEA,New Business,0 - Closed Lost,130000,2025-06-29
DR-1570,2025-05-22,Aoife Brennan,Priya Raman,EMEA - UKI & Nordics - Commercial,Account 370 SAS,Denmark,Arrow ECS,Existing Business - Add-On,7 - Closed Won,19000,2025-07-17
DR-1036,18/09/2024,Julien Marchand,Chiara Bruno,EMEA - Southern Europe,Account 236 Holdings,Portugal,Cancom,New Business,7 - Closed Won,,2025-01-06
DR-1713,17 Jul 2025,Aoife Brennan,Priya Raman,UKI & Nordics,Account 113 Ltd,Denmark,Econocom,New Business,7 - Closed Won,"EUR 36,000.00",2025-10-16
DR-2637,2024-11-27,Integration User,,Southern Europe,Queued Account 023,Germany,Econocom,New Business,1 - Submitted,,
DR-1398,2025-03-16,Tom Whitfield,,UKI & Nordics,Account 198 SpA,United Kingdom,Ingram Micro,New Business,7 - Closed Won,"$121,000",2025-06-20
DR-1028,05/09/2024,Tom Whitfield,Mollie Shaw,Nordics,Account 228 SAS,Ireland,Northbridge Data,New Business,Rejected - Duplicate,"$230,000",2025-02-02
DR-1103,2024-10-02,Tom Whitfield,Priya Raman,UKI/Nordics,Account 303 SpA,Sweden,SHI EMEA,New Business,0 - Closed Lost,"EUR 176,000.00",2024-12-31
DR-2438,16/06/2026,Callum Reid,,UKI & Nordics,Account 038 SpA,Finland,TD Synnex,New Logo,2 - Approved,"$212,000",2026-11-30
DR-2262,2026-03-08,Katharina Vogel,Lena Wirth,DACH,Account 262 Group,Austria,Computacenter,New Logo,6 - Negotiation,,2026-04-08
DR-2073,2026-01-28,Aoife Brennan,Mollie Shaw,UKI & Nordics,Account 073 Holdings,United Kingdom,Cancom,New Logo,5 - Proposal,"EUR 160,000.00",2026-03-10
DR-1248,2024-12-19,Lukas Brandt,Tobias Frank,DACH,Account 048 SpA,Austria,Softcat,New Business,Expired,56000,2025-01-18
DR-2122,2026-02-07,Aoife Brennan,,UKI/Nordics,Account 122 SAS,Sweden,SHI EMEA,New Logo,1 - Submitted,"$8,000",2026-07-29
DR-1902,2025-10-26,Marco Ferrari,Chiara Bruno,SEMEA,Account 302 SpA,Greece,Econocom,New Business,0 - Closed Lost,,2026-01-13
DR-2546,2026-07-04,Julien Marchand,,SEMEA,Account 146 SpA,Italy,Cancom,Renewal,6 - Negotiation,"EUR 226,000.00",2026-09-30
DR-2481,23/06/2026,Julien Marchand,Chiara Bruno,Iberia,Account 081 Ltd,Portugal,Northbridge Data,New Logo,2 - Approved,186000,2026-09-08
DR-2213,2026-03-07,Erik Lindqvist,Mollie Shaw,,Account 213 Ltd,Ireland,Ingram Micro,New Logo,0 - Closed Lost,167000,2026-08-06
DR-1284,2025-01-11,Aoife Brennan,Priya Raman,UKI & Nordics,Account 084 Group,Denmark,Bechtle AG,New Business,Rejected - Duplicate,208000,2025-04-25
DR-1926,2025-10-02,Lukas Brandt,,,Account 326 SpA,Switzerland,TD Synnex,New Business,7 - Closed Won,"$73,000",2026-03-30
DR-2655,2024-02-07,Lukas Brandt,Tobias Frank,DACH,Old Account 001,Germany,Softcat,New Business,7 - Closed Won,120000,2024-09-30
DR-1651,2025-06-09,Tom Whitfield,Dan Eriksen,UKI & Nordics,Account 051 Group,Denmark,Arrow ECS,Renewal,7 - Closed Won,"EUR 180,000.00",2025-12-20
DR-2136,2026-02-11,Tom Whitfield,Priya Raman,UKI & Nordics,Account 136 Ltd,Sweden,Econocom,Existing Business - Add-On,0 - Closed Lost,"$184,000",2026-04-18
DR-2608,2026-08-16,Lukas Brandt,Lena Wirth,dach pod,Account 208 GmbH,Germany,TD Synnex,Renewal,3 - Discovery,"EUR 109,000.00",2026-10-28
DR-1158,2024-11-20,Aoife Brennan,,Nordics,Account 358 SAS,United Kingdom,TD Synnex,Renewal,Expired,146000,2025-05-28
DR-1895,2025-10-02,Callum Reid,Mollie Shaw,EMEA - UKI & Nordics - Commercial,Account 295 AB,United Kingdom,TD Synnex,New Business,1 - Submitted,"$155,000",2026-04-05
DR-1098,2024-10-09,Aoife Brennan,,EMEA - Other,Account 298 Ltd,Ireland,Ingram Micro,New Business,7 - Closed Won,85000,2025-03-14
DR-2114,2026-01-18,Lukas Brandt,,EMEA - DACH - Enterprise,Account 114 Holdings,Switzerland,Northbridge Data,Add-On,4 - Technical Validation,179000,2026-08-03
DR-2309,2026-04-14,Marco Ferrari,Chiara Bruno,SEMEA,Account 309 Holdings,Italy,Computacenter,Renewal,7 - Closed Won,217000,2026-09-09
DR-1929,2025-10-05,Lukas Brandt,Tobias Frank,dach pod,Account 329 Holdings,Switzerland,Softcat,New Business,0 - Closed Lost,"EUR 44,000.00",2025-11-17
DR-1291,2025-01-12,Julien Marchand,Paulo Neves,Iberia,Account 091 GmbH,Italy,SHI EMEA,Upsell,Rejected - Duplicate,"$42,000",2025-04-29
DR-1377,02 Feb 2025,Katharina Vogel,,EMEA - Other,Account 177 Group,Austria,TD Synnex,Upsell,7 - Closed Won,"EUR 233,000.00",2025-07-01
DR-1544,17/04/2025,Nadia Keller,Tobias Frank,EMEA - DACH - Enterprise,Account 344 SpA,Austria,TD Synnex,Upsell,0 - Closed Lost,194000,2025-07-02
DR-2529,2026-07-15,Sigrid Halvorsen,,UKI & Nordics,Account 129 Holdings,Denmark,Arrow ECS,New Logo,1 - Submitted,"EUR 162,000.00",2026-10-23
DR-1369,04 Feb 2025,Elena Castells,Paulo Neves,Southern Europe,Account 169 AB,Greece,Northbridge Data,Renewal,7 - Closed Won,"EUR 101,000.00",2025-06-05
DR-2498,07/06/2026,Katharina Vogel,Tobias Frank,dach pod,Account 098 Holdings,Switzerland,Computacenter,Renewal,3 - Discovery,96000,2026-08-30
DR-2207,2026-03-26,Tom Whitfield,Priya Raman,EMEA - Other,Account 207 SAS,Denmark,Arrow ECS,New Logo,2 - Approved,"EUR 215,000.00",2026-05-13
DR-1162,2024-11-03,Tom Whitfield,Dan Eriksen,Nordics,Account 362 SAS,Ireland,Econocom,New Business,1 - Submitted,"$158,000",2025-04-18
DR-1382,20 Feb 2025,Katharina Vogel,Tobias Frank,dach pod,Account 182 AB,Germany,Econocom,Upsell,0 - Closed Lost,188000,2025-05-27
DR-1761,2025-08-21,Aoife Brennan,,EMEA - UKI & Nordics - Commercial,Account 161 SpA,Sweden,TD Synnex,New Business,7 - Closed Won,62000,2025-10-18
DR-2629,2025-10-17,Deal Reg Queue,,Southern Europe,Queued Account 015,Germany,Computacenter,New Business,1 - Submitted,,
DR-1846,2025-09-24,Elena Castells,Chiara Bruno,Iberia,Account 246 Holdings,Israel,Northbridge Data,Competitive Migration,7 - Closed Won,123000,2026-01-31
DR-2431,28 May 2026,Stefan Huber,Lena Wirth,EMEA - DACH - Enterprise,Account 031 SpA,Germany,SHI EMEA,New Logo,3 - Discovery,"EUR 87,000.00",2026-11-06
DR-1758,2025-08-01,Tom Whitfield,,Nordics,Account 158 SAS,Sweden,Ingram Micro,New Business,0 - Closed Lost,,2025-09-14
DR-1143,2024-10-26,Lukas Brandt,Lena Wirth,EMEA - DACH - Enterprise,Account 343 Group,Switzerland,Computacenter,New Business,0 - Closed Lost,50000,2025-04-04
DR-1191,2024-11-18,Lukas Brandt,Lena Wirth,DACH,Account 391 Ltd,Germany,Computacenter,New Business,0 - Closed Lost,"$194,000",2025-02-23
DR-1942,2025-10-11,Lukas Brandt,Tobias Frank,EMEA - DACH - Enterprise,Account 342 SpA,Switzerland,TD Synnex,Upsell,7 - Closed Won,"EUR 184,000.00",2025-12-31
DR-1144,2024-10-19,Stefan Huber,Lena Wirth,DACH,Account 344 AB,Austria,Econocom,Existing Business - Add-On,,"$63,000",2025-01-14
DR-1814,2025-09-14,Aoife Brennan,Mollie Shaw,UKI & Nordics,Account 214 Group,Finland,Cancom,Upsell,6 - Negotiation,102000,2026-03-11
DR-1187,2024-11-18,Yannis Papadakis,Paulo Neves,Iberia,Account 387 AB,Spain,Softcat,Existing Business - Renewal,7 - Closed Won,"$118,000",2025-02-04
DR-1265,2025-01-23,Tom Whitfield,Dan Eriksen,Nordics,Account 065 Ltd,Norway,Arrow ECS,New Business,Rejected - Duplicate,"EUR 74,000.00",2025-07-03
DR-2583,2026-08-21,Aoife Brennan,Priya Raman,EMEA - UKI & Nordics - Commercial,Account 183 SAS,Denmark,Econocom,Upsell,4 - Technical Validation,"EUR 203,000.00",2026-11-14
DR-1121,2024-10-23,Elena Castells,Paulo Neves,Southern Europe,Account 321 SpA,Italy,Softcat,Add-On,7 - Closed Won,"$127,000",2025-04-28
DR-1286,2025-01-01,Niamh O'Connor,Dan Eriksen,UKI/Nordics,Account 086 SAS,United Kingdom,Softcat,Renewal,0 - Closed Lost,"$73,000",2025-02-01
DR-1577,2025-05-19,Callum Reid,,EMEA - Other,Account 377 Ltd,Ireland,Ingram Micro,Renewal,Rejected - Duplicate,179000,2025-11-20
DR-1077,05/09/2024,Stefan Huber,Tobias Frank,dach pod,Account 277 AB,Switzerland,Ingram Micro,New Business,Rejected - Duplicate,,2025-02-16
DR-2439,15/06/2026,Erik Lindqvist,,,Account 039 SAS,United Kingdom,Softcat,New Logo,6 - Negotiation,145000,2026-09-28
DR-2131,2026-02-05,Callum Reid,Priya Raman,,Account 131 SAS,Finland,Arrow ECS,Existing Business - Renewal,0 - Closed Lost,103000,2026-07-18
DR-1751,2025-08-21,Callum Reid,Priya Raman,EMEA - UKI & Nordics - Commercial,Account 151 Holdings,Norway,Bechtle AG,Add-On,0 - Closed Lost,,2025-11-22
DR-2409,10 May 2026,Lukas Brandt,Tobias Frank,EMEA - DACH - Enterprise,Account 009 Group,Germany,Bechtle AG,Upsell,7 - Closed Won,78000,2026-08-17
DR-1538,02/04/2025,Katharina Vogel,Tobias Frank,dach pod,Account 338 SpA,Germany,Softcat,Renewal,0 - Closed Lost,"$35,000",2025-10-08
DR-1475,2025-03-12,Stefan Huber,Tobias Frank,DACH,Account 275 AB,Germany,Softcat,New Business,7 - Closed Won,"EUR 173,000.00",2025-08-15
DR-1334,01 Feb 2025,Niamh O'Connor,,Nordics,Account 134 AB,Norway,Ingram Micro,Existing Business - Renewal,7 - Closed Won,"$16,000",2025-07-13
DR-1464,2025-03-17,Stefan Huber,Lena Wirth,EMEA - DACH - Enterprise,Account 264 SpA,Austria,Computacenter,Upsell,7 - Closed Won,164000,2025-05-10
DR-2471,01/06/2026,Aoife Brennan,Mollie Shaw,UKI & Nordics,Account 071 Holdings,Norway,TD Synnex,Renewal,5 - Proposal,"EUR 50,000.00",2026-11-12
DR-2082,2026-01-04,Aoife Brennan,Priya Raman,UKI/Nordics,Account 082 Ltd,United Kingdom,Bechtle AG,New Logo,6 - Negotiation,"$39,000",2026-02-27
DR-1001,14/09/2024,Tom Whitfield,,UKI/Nordics,Account 201 AB,Finland,Computacenter,New Business,2 - Approved,"$140,000",2025-03-02
DR-1601,2025-05-28,Yannis Papadakis,,Iberia,Account 001 Group,France,Econocom,Renewal,Rejected - Duplicate,39000,2025-12-12
DR-2062,12 Dec 2025,Lukas Brandt,Lena Wirth,EMEA - DACH - Enterprise,Account 062 Group,Switzerland,TD Synnex,New Logo,,"$100,000",2026-03-07
DR-1478,19/04/2025,Callum Reid,Priya Raman,EMEA - UKI & Nordics - Commercial,Account 278 SpA,Sweden,Northbridge Data,New Business,7 - Closed Won,"$199,000",2025-09-25
DR-2616,2026-04-13,Deal Reg Queue,,Southern Europe,Queued Account 002,Germany,Econocom,New Business,1 - Submitted,,
DR-1834,2025-09-06,Sofia Almeida,Chiara Bruno,Iberia,Account 234 Ltd,France,Northbridge Data,New Business,0 - Closed Lost,"$130,000",2025-11-04
DR-1131,2024-10-07,Julien Marchand,Paulo Neves,EMEA - Southern Europe,Account 331 SAS,Italy,Bechtle AG,Existing Business - Renewal,Rejected - Duplicate,160000,2025-01-31
DR-1647,2025-06-22,Tom Whitfield,Priya Raman,UKI & Nordics,Account 047 Group,Denmark,Northbridge Data,New Business,0 - Closed Lost,102000,2025-09-12
DR-1572,2025-05-26,Aoife Brennan,Mollie Shaw,EMEA - UKI & Nordics - Commercial,Account 372 SpA,Ireland,Bechtle AG,New Business,Rejected - Duplicate,42000,2025-06-29
DR-2615,2025-03-15,Deal Reg Queue,,UKI & Nordics,Queued Account 001,Germany,SHI EMEA,New Business,1 - Submitted,,
DR-1656,2025-06-22,Sigrid Halvorsen,Dan Eriksen,UKI/Nordics,Account 056 GmbH,Ireland,TD Synnex,Existing Business - Add-On,Expired,"EUR 14,000.00",2025-09-30
DR-1071,28/09/2024,Stefan Huber,Tobias Frank,EMEA - DACH - Enterprise,Account 271 SAS,Germany,Bechtle AG,Existing Business - Add-On,Rejected - Duplicate,"$102,000",2024-11-05
DR-1543,14/04/2025,Katharina Vogel,,DACH,Account 343 Group,Switzerland,Computacenter,Existing Business - Renewal,7 - Closed Won,213000,2025-06-10
DR-1421,2025-03-05,Sigrid Halvorsen,Priya Raman,,Account 221 Holdings,Sweden,Cancom,Migration,0 - Closed Lost,"$112,000",2025-03-30
DR-1053,28/09/2024,Marco Ferrari,Chiara Bruno,Southern Europe,Account 253 SpA,Israel,TD Synnex,Upsell,Rejected - Duplicate,"EUR 28,000.00",2025-04-09
DR-2558,2026-07-02,Lukas Brandt,Tobias Frank,,Account 158 AB,Austria,Computacenter,Existing Business - Renewal,Expired,,2026-09-18
DR-1693,2025-06-21,Katharina Vogel,Tobias Frank,DACH,Account 093 Group,Switzerland,Ingram Micro,Upsell,0 - Closed Lost,"EUR 219,000.00",2025-10-29
DR-1528,24/04/2025,Stefan Huber,,EMEA - DACH - Enterprise,Account 328 Ltd,Austria,Softcat,Existing Business - Add-On,7 - Closed Won,"EUR 109,000.00",2025-08-25
DR-1290,2025-01-12,Sofia Almeida,,Southern Europe,Account 090 GmbH,Spain,Bechtle AG,New Business,0 - Closed Lost,"EUR 124,000.00",2025-05-14
DR-1339,18 Feb 2025,Tom Whitfield,Mollie Shaw,UKI & Nordics,Account 139 AB,Ireland,Northbridge Data,New Business,7 - Closed Won,119000,2025-03-23
DR-1667,2025-06-06,Marco Ferrari,Chiara Bruno,Iberia,Account 067 SpA,Italy,Bechtle AG,Renewal,7 - Closed Won,,2025-08-16
DR-1919,2025-10-17,Stefan Huber,Lena Wirth,dach pod,Account 319 Group,Switzerland,Northbridge Data,Upsell,7 - Closed Won,"$210,000",2026-02-01
DR-1405,2025-03-13,Tom Whitfield,Priya Raman,EMEA - UKI & Nordics - Commercial,Account 205 Group,Denmark,Econocom,Existing Business - Renewal,7 - Closed Won,"EUR 148,000.00",2025-06-20
DR-2316,2026-04-26,Elena Castells,Chiara Bruno,EMEA - Southern Europe,Account 316 SpA,Portugal,Softcat,New Logo,7 - Closed Won,"$48,000",2026-10-26
DR-1083,26/09/2024,Stefan Huber,Lena Wirth,DACH,Account 283 Ltd,Germany,Softcat,Existing Business - Renewal,7 - Closed Won,"EUR 199,000.00",2025-03-13
DR-1677,2025-06-19,Lukas Brandt,,DACH,Account 077 Ltd,Germany,Softcat,New Business,7 - Closed Won,"$167,000",2025-12-15
DR-2234,2026-03-02,Julien Marchand,Paulo Neves,Southern Europe,Account 234 SAS,Italy,Econocom,New Logo,0 - Closed Lost,"$223,000",2026-09-08
DR-1592,2025-05-01,Yannis Papadakis,,,Account 392 Group,Spain,SHI EMEA,Renewal,Rejected - Duplicate,"EUR 239,000.00",2025-05-27
DR-2137,2026-02-06,Aoife Brennan,Dan Eriksen,UKI & Nordics,Account 137 SpA,Norway,SHI EMEA,New Logo,7 - Closed Won,"EUR 46,000.00",2026-05-05
DR-1552,2025-05-13,Sigrid Halvorsen,Mollie Shaw,Nordics,Account 352 Group,Finland,Computacenter,New Business,Rejected - Duplicate,"EUR 144,000.00",2025-08-23
DR-2653,2026-01-24,Deal Reg Queue,,Southern Europe,Queued Account 039,Germany,SHI EMEA,New Business,1 - Submitted,,
DR-2606,2026-08-11,Lukas Brandt,,dach pod,Account 206 SpA,Germany,TD Synnex,Upsell,1 - Submitted,"$95,000",2026-10-06
DR-2372,01 May 2026,Callum Reid,,EMEA - UKI & Nordics - Commercial,Account 372 GmbH,Norway,Bechtle AG,Existing Business - Add-On,6 - Negotiation,"$38,000",2026-06-18
DR-1352,14 Feb 2025,Sigrid Halvorsen,,EMEA - UKI & Nordics - Commercial,Account 152 AB,Sweden,Econocom,New Business,0 - Closed Lost,"$35,000",2025-05-06
DR-1244,2024-12-27,Marco Ferrari,Chiara Bruno,EMEA - Southern Europe,Account 044 SpA,Italy,Bechtle AG,Existing Business - Renewal,Rejected - Duplicate,196000,2025-01-26
DR-1841,2025-09-25,Julien Marchand,Paulo Neves,SEMEA,Account 241 SAS,Italy,Bechtle AG,New Business,0 - Closed Lost,"EUR 35,000.00",2025-12-30
DR-1756,2025-08-28,Tom Whitfield,Dan Eriksen,UKI & Nordics,Account 156 SAS,Denmark,Computacenter,New Business,0 - Closed Lost,"EUR 168,000.00",2025-11-19
DR-1112,2024-10-02,Elena Castells,,SEMEA,Account 312 Holdings,Israel,Northbridge Data,Renewal,0 - Closed Lost,,2025-04-06
DR-2601,2026-08-04,Katharina Vogel,Tobias Frank,dach pod,Account 201 Holdings,Germany,Ingram Micro,New Logo,2 - Approved,206000,2026-09-29
DR-2587,2026-08-22,Julien Marchand,Paulo Neves,Southern Europe,Account 187 GmbH,France,Northbridge Data,Renewal,6 - Negotiation,55000,2026-12-23
DR-2461,23/06/2026,Callum Reid,Priya Raman,UKI & Nordics,Account 061 GmbH,Ireland,Cancom,New Logo,4 - Technical Validation,"EUR 96,000.00",2026-08-05
DR-1636,2025-06-10,Sigrid Halvorsen,,UKI/Nordics,Account 036 GmbH,Norway,Softcat,New Business,0 - Closed Lost,153000,2025-10-11
DR-1507,12/04/2025,Julien Marchand,,Iberia,Account 307 Holdings,France,Northbridge Data,Existing Business - Add-On,7 - Closed Won,182000,2025-07-11
DR-1245,2024-12-23,Yannis Papadakis,Paulo Neves,Iberia,Account 045 Group,Italy,Ingram Micro,Existing Business - Renewal,7 - Closed Won,"EUR 11,000.00",2025-02-23
DR-1948,09/11/2025,Erik Lindqvist,Dan Eriksen,UKI/Nordics,Account 348 Holdings,Norway,Bechtle AG,Renewal,1 - Submitted,110000,2026-01-19
DR-1094,2024-10-07,Sigrid Halvorsen,Priya Raman,UKI/Nordics,Account 294 GmbH,Ireland,SHI EMEA,Existing Business - Add-On,7 - Closed Won,"EUR 36,000.00",2024-12-01
DR-1535,13/04/2025,Lukas Brandt,Lena Wirth,DACH,Account 335 SAS,Austria,TD Synnex,Existing Business - Renewal,7 - Closed Won,"EUR 160,000.00",2025-08-24
DR-2173,2026-02-23,Katharina Vogel,,DACH,Account 173 GmbH,Switzerland,Northbridge Data,New Logo,4 - Technical Validation,"$202,000",2026-08-04
DR-2642,2025-08-25,Deal Reg Queue,,DACH,Queued Account 028,Germany,Bechtle AG,New Business,1 - Submitted,,
DR-1437,2025-03-19,Julien Marchand,Chiara Bruno,SEMEA,Account 237 SAS,France,Ingram Micro,Renewal,0 - Closed Lost,"EUR 181,000.00",2025-05-28
DR-1014,02/09/2024,Aoife Brennan,,,Account 214 AB,Ireland,Econocom,New Business,Rejected - Duplicate,,2024-12-16
DR-1335,19 Feb 2025,Sigrid Halvorsen,Mollie Shaw,UKI/Nordics,Account 135 SAS,Denmark,TD Synnex,New Business,7 - Closed Won,"EUR 154,000.00",2025-07-25
DR-1638,2025-06-17,Aoife Brennan,Mollie Shaw,UKI & Nordics,Account 038 Holdings,United Kingdom,Computacenter,Upsell,7 - Closed Won,,2025-08-24
DR-1763,2025-08-02,Sigrid Halvorsen,Mollie Shaw,UKI/Nordics,Account 163 Group,Finland,Econocom,New Business,7 - Closed Won,"EUR 53,000.00",2025-10-05
DR-1837,2025-09-07,Sofia Almeida,Chiara Bruno,Iberia,Account 237 GmbH,Spain,TD Synnex,New Business,3 - Discovery,213000,2026-02-02
DR-1970,06/11/2025,Marco Ferrari,,EMEA - Southern Europe,Account 370 GmbH,Portugal,Northbridge Data,New Logo,0 - Closed Lost,"EUR 177,000.00",2026-04-20
DR-1114,2024-10-22,Marco Ferrari,,EMEA - Southern Europe,Account 314 Holdings,Italy,Bechtle AG,New Business,7 - Closed Won,140000,2025-04-08
DR-1865,2025-09-23,Stefan Huber,Tobias Frank,DACH,Account 265 SAS,Germany,Computacenter,New Business,7 - Closed Won,38000,2025-10-25
DR-1889,2025-10-20,Sigrid Halvorsen,Dan Eriksen,EMEA - UKI & Nordics - Commercial,Account 289 Ltd,Norway,Cancom,New Business,7 - Closed Won,"$30,000",2025-11-30
DR-2460,07/06/2026,Sigrid Halvorsen,Mollie Shaw,UKI/Nordics,Account 060 Ltd,Sweden,TD Synnex,New Logo,4 - Technical Validation,,2026-09-27
DR-1477,28/04/2025,Aoife Brennan,,UKI & Nordics,Account 277 Group,Ireland,Northbridge Data,New Business,0 - Closed Lost,"EUR 183,000.00",2025-09-22
DR-2204,2026-03-04,Aoife Brennan,,UKI/Nordics,Account 204 Holdings,Norway,Ingram Micro,New Logo,6 - Negotiation,187000,2026-05-01
DR-1105,2024-10-12,Niamh O'Connor,,EMEA - UKI & Nordics - Commercial,Account 305 GmbH,United Kingdom,Bechtle AG,Add-On,0 - Closed Lost,"EUR 164,000.00",2025-02-22
DR-1159,2024-11-18,Sigrid Halvorsen,,Nordics,Account 359 SAS,Finland,Econocom,Existing Business - Renewal,7 - Closed Won,165000,2025-05-15
DR-1327,2025-01-12,Stefan Huber,Tobias Frank,EMEA - DACH - Enterprise,Account 127 AB,Austria,Northbridge Data,New Business,0 - Closed Lost,"EUR 130,000.00",2025-05-09
DR-1885,2025-10-18,Aoife Brennan,Priya Raman,,Account 285 SAS,Sweden,Econocom,New Business,7 - Closed Won,"EUR 88,000.00",2025-11-18
DR-1782,2025-08-21,Elena Castells,,SEMEA,Account 182 SpA,Italy,Bechtle AG,Renewal,1 - Submitted,38000,2025-11-19
DR-2571,2026-08-02,Sigrid Halvorsen,Dan Eriksen,EMEA - UKI & Nordics - Commercial,Account 171 Holdings,Norway,Softcat,New Logo,2 - Approved,238000,2026-08-31
DR-1432,2025-03-17,Yannis Papadakis,,Southern Europe,Account 232 AB,Italy,Bechtle AG,Existing Business - Renewal,7 - Closed Won,"$9,000",2025-06-03
DR-2187,2026-02-20,Lukas Brandt,Tobias Frank,EMEA - DACH - Enterprise,Account 187 Ltd,Germany,TD Synnex,New Logo,1 - Submitted,"$125,000",2026-07-26
DR-2635,2025-02-10,Deal Reg Queue,,DACH,Queued Account 021,Germany,Northbridge Data,New Business,1 - Submitted,,
DR-2573,2026-08-19,Callum Reid,,EMEA - UKI & Nordics - Commercial,Account 173 GmbH,Denmark,Ingram Micro,Migration,6 - Negotiation,24000,2026-12-22
DR-2562,2026-07-08,Lukas Brandt,Lena Wirth,dach pod,Account 162 Group,Austria,Econocom,New Logo,6 - Negotiation,49000,2026-09-28
DR-1897,2025-10-26,Aoife Brennan,,Nordics,Account 297 Group,Sweden,Ingram Micro,New Business,5 - Proposal,208000,2026-04-08
DR-2557,2026-07-20,Katharina Vogel,Tobias Frank,EMEA - DACH - Enterprise,Account 157 GmbH,Austria,Cancom,Add-On,4 - Technical Validation,89000,2026-09-14
DR-1239,2024-12-02,Elena Castells,Paulo Neves,EMEA - Southern Europe,Account 039 Group,France,Softcat,New Business,Expired,92000,2025-02-20
DR-2527,2026-07-10,Callum Reid,Priya Raman,Nordics,Account 127 Ltd,United Kingdom,Computacenter,New Logo,5 - Proposal,"$179,000",2026-08-17
DR-1041,05/09/2024,Elena Castells,Paulo Neves,SEMEA,Account 241 Ltd,Italy,Northbridge Data,New Business,7 - Closed Won,"EUR 29,000.00",2024-12-04
DR-2198,2026-03-04,Tom Whitfield,,EMEA - UKI & Nordics - Commercial,Account 198 AB,Finland,Cancom,New Logo,5 - Proposal,71000,2026-05-24
DR-1202,2024-11-10,Lukas Brandt,Tobias Frank,dach pod,Account 002 Ltd,Switzerland,Econocom,New Business,Rejected - Duplicate,"$214,000",2025-04-24
DR-1992,09/11/2025,Katharina Vogel,,dach pod,Account 392 Group,Switzerland,Econocom,New Logo,Rejected - Duplicate,231000,2026-03-13
DR-2249,2026-03-06,Sofia Almeida,Chiara Bruno,Southern Europe,Account 249 Ltd,France,Cancom,Existing Business - Renewal,5 - Proposal,"EUR 61,000.00",2026-04-21
DR-1410,2025-03-22,Aoife Brennan,Dan Eriksen,UKI/Nordics,Account 210 SAS,Sweden,Northbridge Data,Upsell,7 - Closed Won,91000,2025-08-28
DR-1101,2024-10-20,Aoife Brennan,Priya Raman,EMEA - UKI & Nordics - Commercial,Account 301 AB,Norway,TD Synnex,Migration,Expired,181000,2024-12-17
DR-2432,06 May 2026,Lukas Brandt,Lena Wirth,DACH,Account 032 Group,Germany,TD Synnex,Renewal,Rejected - Duplicate,166000,2026-10-15
DR-2067,2026-01-26,Aoife Brennan,Priya Raman,Nordics,Account 067 AB,United Kingdom,Arrow ECS,New Logo,1 - Submitted,209000,2026-05-01
DR-1403,2025-03-23,Tom Whitfield,Priya Raman,UKI/Nordics,Account 203 Ltd,Sweden,Softcat,New Business,Expired,"$101,000",2025-06-05
DR-1309,2025-01-20,Lukas Brandt,,,Account 109 SAS,Austria,TD Synnex,Add-On,7 - Closed Won,"EUR 238,000.00",2025-02-18
DR-2060,07 Dec 2025,Lukas Brandt,Tobias Frank,DACH,Account 060 SpA,Germany,Bechtle AG,New Logo,Expired,"$61,000",2026-05-30
DR-1252,2024-12-27,Lukas Brandt,,dach pod,Account 052 Ltd,Switzerland,Bechtle AG,New Business,Rejected - Duplicate,"$11,000",2025-07-02
DR-1662,2025-06-26,Elena Castells,,Iberia,Account 062 AB,Portugal,Bechtle AG,New Business,7 - Closed Won,130000,2025-11-28
DR-1922,2025-10-28,Nadia Keller,Lena Wirth,dach pod,Account 322 SAS,Switzerland,TD Synnex,New Business,1 - Submitted,64000,2026-02-10
DR-2466,07/06/2026,Erik Lindqvist,Mollie Shaw,UKI & Nordics,Account 066 Holdings,Finland,TD Synnex,New Logo,0 - Closed Lost,195000,2026-08-30
DR-1013,23/09/2024,Aoife Brennan,,EMEA - UKI & Nordics - Commercial,Account 213 GmbH,Ireland,Ingram Micro,New Business,7 - Closed Won,125000,2024-12-22
DR-1850,2025-09-15,Katharina Vogel,,DACH,Account 250 GmbH,Germany,Ingram Micro,New Business,Rejected - Duplicate,,2025-12-16
DR-2623,2026-06-04,Channel Queue,,Southern Europe,Queued Account 009,Germany,Ingram Micro,New Business,1 - Submitted,,
DR-2383,17 May 2026,Tom Whitfield,,Nordics,Account 383 GmbH,Denmark,Northbridge Data,Upsell,1 - Submitted,222000,2026-10-03
DR-1927,2025-10-07,Lukas Brandt,Tobias Frank,EMEA - Other,Account 327 Ltd,Switzerland,Ingram Micro,Existing Business - Add-On,4 - Technical Validation,"$215,000",2026-02-12
DR-1792,2025-08-05,Lukas Brandt,,,Account 192 SAS,Switzerland,Computacenter,New Business,4 - Technical Validation,153000,2026-01-03
DR-1219,2024-12-26,Aoife Brennan,Priya Raman,UKI & Nordics,Account 019 SAS,Finland,Arrow ECS,New Business,7 - Closed Won,"$93,000",2025-05-29
DR-1977,14/11/2025,Yannis Papadakis,Chiara Bruno,Iberia,Account 377 SAS,France,Econocom,New Logo,5 - Proposal,"EUR 74,000.00",2026-02-09
DR-1319,2025-01-17,Lukas Brandt,Tobias Frank,dach pod,Account 119 SpA,Switzerland,Ingram Micro,Upsell,Expired,136000,2025-05-08
DR-2381,19 May 2026,Callum Reid,Priya Raman,UKI/Nordics,Account 381 Group,Denmark,TD Synnex,Existing Business - Add-On,0 - Closed Lost,"$120,000",2026-06-22
DR-2265,2026-03-10,Lukas Brandt,Lena Wirth,DACH,Account 265 Holdings,Austria,SHI EMEA,Competitive Migration,Expired,"EUR 171,000.00",2026-09-15
DR-2450,23/06/2026,Aoife Brennan,Dan Eriksen,EMEA - UKI & Nordics - Commercial,Account 050 AB,United Kingdom,Softcat,Add-On,1 - Submitted,"$208,000",2026-08-04
DR-2554,2026-07-08,Lukas Brandt,,DACH,Account 154 SpA,Switzerland,TD Synnex,Existing Business - Add-On,,"$16,000",2026-08-06
DR-2068,2026-01-26,Sigrid Halvorsen,Mollie Shaw,UKI & Nordics,Account 068 SpA,Sweden,Softcat,Existing Business - Renewal,2 - Approved,"EUR 149,000.00",2026-05-27
DR-1645,2025-06-11,Tom Whitfield,Dan Eriksen,Nordics,Account 045 GmbH,Ireland,Computacenter,Upsell,7 - Closed Won,"EUR 65,000.00",2025-08-23
DR-1892,2025-10-13,Tom Whitfield,Priya Raman,UKI/Nordics,Account 292 SAS,United Kingdom,Ingram Micro,New Business,7 - Closed Won,"$200,000",2026-04-30
DR-1288,2025-01-01,Marco Ferrari,Paulo Neves,SEMEA,Account 088 SAS,Italy,SHI EMEA,Existing Business - Add-On,1 - Submitted,"$220,000",2025-03-27
DR-2333,2026-04-01,Lukas Brandt,,DACH,Account 333 Ltd,Switzerland,Northbridge Data,Existing Business - Renewal,1 - Submitted,"EUR 106,000.00",2026-05-04
DR-1706,06 Jul 2025,Tom Whitfield,Dan Eriksen,UKI/Nordics,Account 106 Group,Sweden,Softcat,New Business,Rejected - Duplicate,"EUR 82,000.00",2026-01-10
DR-1040,14/09/2024,Elena Castells,Chiara Bruno,Iberia,Account 240 SpA,Greece,SHI EMEA,Existing Business - Renewal,7 - Closed Won,"$144,000",2025-01-02
DR-1918,2025-10-26,Nadia Keller,,,Account 318 SpA,Austria,Cancom,New Business,5 - Proposal,"EUR 42,000.00",2026-02-23
DR-1468,2025-03-03,Katharina Vogel,Lena Wirth,EMEA - DACH - Enterprise,Account 268 Group,Germany,TD Synnex,New Business,Expired,"$100,000",2025-09-18
DR-2261,2026-03-23,Lukas Brandt,Tobias Frank,dach pod,Account 261 AB,Switzerland,Northbridge Data,Existing Business - Add-On,7 - Closed Won,205000,2026-05-21
DR-2045,14 Dec 2025,Marco Ferrari,,Iberia,Account 045 SAS,Israel,Bechtle AG,Existing Business - Add-On,7 - Closed Won,"EUR 15,000.00",2026-01-19
DR-2134,2026-02-27,Erik Lindqvist,Priya Raman,Nordics,Account 134 GmbH,Denmark,TD Synnex,New Logo,6 - Negotiation,"$20,000",2026-03-25
DR-2260,2026-03-12,Lukas Brandt,Lena Wirth,EMEA - DACH - Enterprise,Account 260 Holdings,Germany,Computacenter,New Logo,5 - Proposal,"EUR 164,000.00",2026-09-24
DR-1381,16 Feb 2025,Lukas Brandt,Lena Wirth,EMEA - DACH - Enterprise,Account 181 Ltd,Austria,Northbridge Data,New Business,Rejected - Duplicate,225000,2025-04-26
DR-2444,18/06/2026,Aoife Brennan,,UKI & Nordics,Account 044 GmbH,Sweden,Computacenter,New Logo,4 - Technical Validation,123000,2026-11-04
DR-2537,2026-07-19,Aoife Brennan,,Nordics,Account 137 Ltd,Ireland,Computacenter,Add-On,3 - Discovery,"$217,000",2026-09-03
DR-2654,2024-04-12,Lukas Brandt,Tobias Frank,DACH,Old Account 000,Germany,Arrow ECS,New Business,7 - Closed Won,120000,2024-09-30
DR-1177,2024-11-17,Elena Castells,Chiara Bruno,Iberia,Account 377 SpA,France,Northbridge Data,New Business,0 - Closed Lost,"$103,000",2025-05-03
DR-1969,07/11/2025,Sigrid Halvorsen,Priya Raman,UKI & Nordics,Account 369 AB,Finland,Computacenter,Existing Business - Renewal,7 - Closed Won,212000,2026-04-21
DR-1826,2025-09-14,Aoife Brennan,Mollie Shaw,Nordics,Account 226 SpA,Finland,SHI EMEA,Upsell,1 - Submitted,"$175,000",2025-10-11
DR-1262,2025-01-08,Tom Whitfield,Priya Raman,UKI & Nordics,Account 062 Holdings,Finland,Cancom,New Business,0 - Closed Lost,"$66,000",2025-03-12
DR-1704,14 Jul 2025,Tom Whitfield,Dan Eriksen,Nordics,Account 104 AB,Ireland,Cancom,Existing Business - Renewal,Rejected - Duplicate,"EUR 133,000.00",2026-01-12
DR-2283,2026-03-26,Katharina Vogel,,DACH,Account 283 Ltd,Germany,Computacenter,New Logo,0 - Closed Lost,"EUR 19,000.00",2026-07-24
DR-1330,2025-01-19,Stefan Huber,Lena Wirth,EMEA - DACH - Enterprise,Account 130 Group,Switzerland,TD Synnex,New Business,7 - Closed Won,154000,2025-04-07
DR-1045,11/09/2024,Marco Ferrari,Chiara Bruno,EMEA - Southern Europe,Account 245 SAS,Portugal,SHI EMEA,Upsell,7 - Closed Won,,2024-11-21
DR-2075,2026-01-28,Aoife Brennan,,UKI/Nordics,Account 075 GmbH,Ireland,Computacenter,Renewal,7 - Closed Won,"EUR 136,000.00",2026-04-04
DR-2313,2026-04-25,Elena Castells,Paulo Neves,Southern Europe,Account 313 Group,Portugal,Econocom,Renewal,0 - Closed Lost,"EUR 222,000.00",2026-10-27
DR-2051,17 Dec 2025,Lukas Brandt,Tobias Frank,EMEA - DACH - Enterprise,Account 051 GmbH,Germany,Softcat,Migration,Expired,"$188,000",2026-06-14
DR-1052,06/09/2024,Marco Ferrari,Paulo Neves,EMEA - Southern Europe,Account 252 Ltd,Greece,Softcat,New Business,Expired,"EUR 236,000.00",2024-12-25
DR-2568,2026-07-02,Lukas Brandt,Lena Wirth,dach pod,Account 168 SpA,Switzerland,Ingram Micro,New Logo,4 - Technical Validation,"$49,000",2027-01-13
DR-1530,11/04/2025,Lukas Brandt,,DACH,Account 330 GmbH,Switzerland,TD Synnex,Upsell,Expired,"EUR 107,000.00",2025-06-16
DR-1705,19 Jul 2025,Tom Whitfield,Priya Raman,UKI/Nordics,Account 105 Holdings,Denmark,Econocom,New Business,0 - Closed Lost,"EUR 181,000.00",2025-11-17
DR-2306,2026-04-04,Tom Whitfield,Mollie Shaw,EMEA - UKI & Nordics - Commercial,Account 306 SpA,Norway,Computacenter,New Logo,0 - Closed Lost,"EUR 132,000.00",2026-09-19
DR-1493,05/04/2025,Tom Whitfield,Mollie Shaw,EMEA - UKI & Nordics - Commercial,Account 293 AB,United Kingdom,SHI EMEA,New Business,Expired,"EUR 133,000.00",2025-06-29
DR-2665,2024-02-22,Lukas Brandt,Tobias Frank,DACH,Old Account 011,Germany,Cancom,New Business,7 - Closed Won,120000,2024-09-30
DR-1428,2025-03-14,Sofia Almeida,,EMEA - Southern Europe,Account 228 Holdings,Israel,Bechtle AG,Add-On,0 - Closed Lost,35000,2025-07-27
DR-1257,2024-12-11,Katharina Vogel,Tobias Frank,DACH,Account 057 SpA,Germany,SHI EMEA,New Business,7 - Closed Won,"EUR 84,000.00",2025-06-15
DR-2113,2026-01-10,Lukas Brandt,Tobias Frank,EMEA - Other,Account 113 Group,Germany,TD Synnex,New Logo,0 - Closed Lost,,2026-04-22
DR-2063,2026-01-10,Aoife Brennan,Priya Raman,UKI & Nordics,Account 063 GmbH,Ireland,Ingram Micro,New Logo,6 - Negotiation,176000,2026-04-03
DR-1095,2024-10-03,Tom Whitfield,Priya Raman,Nordics,Account 295 AB,Denmark,Softcat,New Business,0 - Closed Lost,"$106,000",2024-12-29
DR-1565,2025-05-27,Niamh O'Connor,Priya Raman,,Account 365 GmbH,Norway,Computacenter,Add-On,Rejected - Duplicate,74000,2025-11-15
DR-2116,2026-01-21,Lukas Brandt,Tobias Frank,dach pod,Account 116 GmbH,Germany,SHI EMEA,Upsell,0 - Closed Lost,,2026-04-06
DR-2273,2026-03-23,Lukas Brandt,,DACH,Account 273 Group,Switzerland,Econocom,Renewal,4 - Technical Validation,109000,2026-09-11
DR-1726,13 Jul 2025,Julien Marchand,Chiara Bruno,Iberia,Account 126 Ltd,France,Computacenter,Competitive Migration,6 - Negotiation,"$90,000",2026-01-24
DR-1585,2025-05-03,Marco Ferrari,,SEMEA,Account 385 SpA,Italy,SHI EMEA,Renewal,7 - Closed Won,121000,2025-11-18
DR-2047,11 Dec 2025,Katharina Vogel,Tobias Frank,DACH,Account 047 SAS,Austria,Cancom,New Logo,1 - Submitted,"$218,000",2026-06-04
DR-2160,2026-02-09,Marco Ferrari,Chiara Bruno,EMEA - Southern Europe,Account 160 Group,Portugal,Cancom,Existing Business - Renewal,3 - Discovery,,2026-05-20
DR-2493,04/06/2026,Julien Marchand,,Iberia,Account 093 AB,Israel,TD Synnex,Renewal,3 - Discovery,"EUR 235,000.00",2026-08-20
DR-2360,04 May 2026,Erik Lindqvist,,UKI & Nordics,Account 360 Group,United Kingdom,Northbridge Data,New Logo,2 - Approved,209000,2026-06-12
DR-2197,2026-03-15,Tom Whitfield,Priya Raman,Nordics,Account 197 Holdings,Denmark,Ingram Micro,Upsell,1 - Submitted,"EUR 102,000.00",2026-06-17
DR-2666,2024-05-26,Lukas Brandt,Tobias Frank,DACH,Old Account 012,Germany,Northbridge Data,New Business,7 - Closed Won,120000,2024-09-30
DR-1945,2025-10-06,Jonas Richter,Lena Wirth,EMEA - DACH - Enterprise,Account 345 Group,Switzerland,Northbridge Data,Renewal,Rejected - Duplicate,217000,2026-01-30
DR-1160,2024-11-09,Aoife Brennan,Priya Raman,UKI/Nordics,Account 360 Group,Norway,Northbridge Data,Existing Business - Renewal,7 - Closed Won,"$192,000",2025-05-19
DR-2426,10 May 2026,Katharina Vogel,Tobias Frank,dach pod,Account 026 Group,Switzerland,Bechtle AG,Existing Business - Renewal,6 - Negotiation,139000,2026-09-23
DR-2611,2026-08-18,Lukas Brandt,Tobias Frank,DACH,Account 211 SpA,Austria,Arrow ECS,Renewal,5 - Proposal,"EUR 25,000.00",2027-02-07
DR-1269,2025-01-20,Aoife Brennan,,UKI/Nordics,Account 069 SAS,Norway,Computacenter,Add-On,0 - Closed Lost,190000,2025-02-15
DR-2347,2026-04-16,Lukas Brandt,,DACH,Account 347 Holdings,Austria,Ingram Micro,Competitive Migration,0 - Closed Lost,196000,2026-10-01
DR-1711,13 Jul 2025,Sigrid Halvorsen,Priya Raman,UKI & Nordics,Account 111 SpA,Sweden,Econocom,Existing Business - Add-On,0 - Closed Lost,226000,2025-09-24
DR-2591,2026-08-13,Sofia Almeida,Chiara Bruno,EMEA - Southern Europe,Account 191 GmbH,Spain,Computacenter,Existing Business - Add-On,4 - Technical Validation,"$236,000",2027-01-11
DR-2349,2026-04-08,Katharina Vogel,Lena Wirth,DACH,Account 349 SAS,Germany,SHI EMEA,New Logo,2 - Approved,158000,2026-10-19
DR-1451,2025-03-09,Lukas Brandt,,EMEA - DACH - Enterprise,Account 251 GmbH,Switzerland,SHI EMEA,New Business,0 - Closed Lost,21000,2025-04-30
DR-1118,2024-10-18,Marco Ferrari,Paulo Neves,Southern Europe,Account 318 Holdings,Italy,Softcat,Renewal,,"EUR 230,000.00",2025-03-03
DR-2456,24/06/2026,Callum Reid,,UKI/Nordics,Account 056 SpA,Denmark,Ingram Micro,New Logo,5 - Proposal,60000,2026-08-12
DR-1259,2024-12-05,Stefan Huber,,dach pod,Account 059 SpA,Germany,Bechtle AG,Renewal,0 - Closed Lost,115000,2025-02-05
DR-2236,2026-03-20,Elena Castells,Chiara Bruno,SEMEA,Account 236 SAS,France,Bechtle AG,Renewal,7 - Closed Won,"EUR 63,000.00",2026-06-06
DR-2037,21 Dec 2025,Elena Castells,Chiara Bruno,Southern Europe,Account 037 GmbH,Greece,Northbridge Data,New Logo,0 - Closed Lost,36000,2026-04-01
DR-1145,2024-10-02,Nadia Keller,Lena Wirth,dach pod,Account 345 Ltd,Switzerland,Cancom,Renewal,7 - Closed Won,101000,2024-11-09
DR-2040,12 Dec 2025,Julien Marchand,Chiara Bruno,Southern Europe,Account 040 Ltd,France,TD Synnex,Existing Business - Renewal,6 - Negotiation,130000,2026-05-16
DR-2541,2026-07-18,Marco Ferrari,,EMEA - Southern Europe,Account 141 SAS,Portugal,Bechtle AG,New Logo,2 - Approved,"$80,000",2027-01-18
DR-2120,2026-02-08,Tom Whitfield,Mollie Shaw,Nordics,Account 120 GmbH,Ireland,TD Synnex,Existing Business - Renewal,1 - Submitted,"EUR 204,000.00",2026-04-04
DR-2274,2026-03-08,Stefan Huber,Tobias Frank,EMEA - DACH - Enterprise,Account 274 Ltd,Switzerland,Arrow ECS,Renewal,4 - Technical Validation,"$131,000",2026-06-11
DR-1644,2025-06-01,Sigrid Halvorsen,Mollie Shaw,EMEA - UKI & Nordics - Commercial,Account 044 Ltd,United Kingdom,SHI EMEA,New Business,7 - Closed Won,,2025-07-27
DR-1182,2024-11-04,Julien Marchand,,SEMEA,Account 382 GmbH,France,Northbridge Data,New Business,Rejected - Duplicate,"$156,000",2024-12-26
DR-1128,2024-10-07,Marco Ferrari,Paulo Neves,SEMEA,Account 328 Ltd,Portugal,TD Synnex,New Business,7 - Closed Won,213000,2025-03-22
DR-2489,18/06/2026,Julien Marchand,Chiara Bruno,,Account 089 SpA,Israel,Northbridge Data,New Logo,1 - Submitted,"EUR 217,000.00",2026-12-27
DR-2395,02 May 2026,Marco Ferrari,,Iberia,Account 395 Group,Italy,Northbridge Data,Migration,0 - Closed Lost,193000,2026-10-03
DR-1801,2025-09-23,Aoife Brennan,,UKI/Nordics,Account 201 Group,Ireland,Arrow ECS,Existing Business - Renewal,0 - Closed Lost,40000,2026-02-17
DR-1625,2025-05-16,Lukas Brandt,Lena Wirth,dach pod,Account 025 GmbH,Austria,Ingram Micro,New Business,Expired,,2025-09-17
DR-1357,16 Feb 2025,Aoife Brennan,Dan Eriksen,,Account 157 SpA,Sweden,Ingram Micro,New Business,Rejected - Duplicate,"$145,000",2025-05-17
DR-1703,10 Jul 2025,Aoife Brennan,Mollie Shaw,Nordics,Account 103 SAS,Denmark,Cancom,New Business,7 - Closed Won,170000,2026-01-09
DR-2189,2026-02-09,Katharina Vogel,,EMEA - DACH - Enterprise,Account 189 AB,Switzerland,Computacenter,New Logo,3 - Discovery,"$219,000",2026-07-17
DR-1495,16/04/2025,Aoife Brennan,,EMEA - UKI & Nordics - Commercial,Account 295 SpA,Ireland,Computacenter,New Business,0 - Closed Lost,"$132,000",2025-06-06
DR-2371,06 May 2026,Tom Whitfield,,Nordics,Account 371 GmbH,United Kingdom,Northbridge Data,Renewal,5 - Proposal,"EUR 162,000.00",2026-11-11
DR-1117,2024-10-18,Elena Castells,,EMEA - Southern Europe,Account 317 Ltd,Italy,Arrow ECS,Upsell,0 - Closed Lost,"$63,000",2025-02-22
DR-1510,23/04/2025,Sofia Almeida,Paulo Neves,Iberia,Account 310 SpA,Greece,Econocom,Renewal,7 - Closed Won,,2025-06-25
DR-1255,2024-12-08,Lukas Brandt,Lena Wirth,EMEA - DACH - Enterprise,Account 055 AB,Austria,Ingram Micro,Add-On,0 - Closed Lost,"$236,000",2025-02-18
DR-1189,2024-11-07,Lukas Brandt,Lena Wirth,dach pod,Account 389 Ltd,Germany,Ingram Micro,New Business,7 - Closed Won,"EUR 192,000.00",2025-02-28
DR-1238,2024-12-08,Julien Marchand,Paulo Neves,SEMEA,Account 038 GmbH,Portugal,Arrow ECS,Existing Business - Renewal,7 - Closed Won,172000,2025-03-16
DR-2001,08/11/2025,Katharina Vogel,Tobias Frank,dach pod,Account 001 GmbH,Germany,Softcat,Upsell,0 - Closed Lost,"EUR 171,000.00",2026-04-15
DR-1951,15/11/2025,Erik Lindqvist,Priya Raman,EMEA - UKI & Nordics - Commercial,Account 351 Group,Finland,Ingram Micro,Existing Business - Renewal,7 - Closed Won,"EUR 82,000.00",2026-05-17
DR-2430,02 May 2026,Lukas Brandt,Lena Wirth,DACH,Account 030 GmbH,Germany,TD Synnex,Renewal,4 - Technical Validation,26000,2026-10-27
DR-1838,2025-09-18,Yannis Papadakis,Chiara Bruno,EMEA - Southern Europe,Account 238 SAS,Greece,Softcat,Add-On,5 - Proposal,"$37,000",2026-03-07
DR-2208,2026-03-15,Sigrid Halvorsen,,,Account 208 AB,Denmark,Econocom,New Logo,,65000,2026-04-30
DR-2594,2026-08-24,Marco Ferrari,Chiara Bruno,EMEA - Other,Account 194 Ltd,Spain,Econocom,Add-On,1 - Submitted,121000,2027-01-22
DR-2501,09/06/2026,Katharina Vogel,Lena Wirth,EMEA - DACH - Enterprise,Account 101 Group,Austria,Bechtle AG,New Logo,1 - Submitted,116000,2026-09-26
DR-2376,05 May 2026,Sigrid Halvorsen,,Nordics,Account 376 GmbH,Sweden,Computacenter,Upsell,4 - Technical Validation,240000,2026-10-14
DR-1766,2025-08-03,Tom Whitfield,Dan Eriksen,UKI & Nordics,Account 166 AB,Norway,Computacenter,New Business,5 - Proposal,226000,2025-12-21
DR-1315,2025-01-03,Lukas Brandt,Tobias Frank,dach pod,Account 115 SpA,Austria,Bechtle AG,New Business,0 - Closed Lost,147000,2025-03-16
DR-1776,2025-08-22,Julien Marchand,,SEMEA,Account 176 Holdings,Israel,Cancom,Renewal,Expired,226000,2025-12-13
DR-1995,17/11/2025,Katharina Vogel,,EMEA - DACH - Enterprise,Account 395 Holdings,Switzerland,SHI EMEA,Upsell,7 - Closed Won,"$79,000",2026-03-13
DR-2323,2026-04-11,Elena Castells,Chiara Bruno,EMEA - Southern Europe,Account 323 Ltd,France,Econocom,Existing Business - Renewal,,"$214,000",2026-05-21
DR-2100,2026-01-06,Katharina Vogel,Lena Wirth,dach pod,Account 100 Group,Switzerland,Econocom,New Logo,2 - Approved,"$77,000",2026-03-03
DR-1589,2025-05-06,Yannis Papadakis,,SEMEA,Account 389 SAS,Spain,Arrow ECS,New Business,Rejected - Duplicate,"EUR 166,000.00",2025-11-22
DR-2622,2026-03-10,Integration User,,Southern Europe,Queued Account 008,Germany,Softcat,New Business,1 - Submitted,,
DR-1633,2025-06-20,Sigrid Halvorsen,Priya Raman,UKI/Nordics,Account 033 Group,Sweden,Bechtle AG,New Business,0 - Closed Lost,69000,2026-01-04
DR-2551,2026-07-24,Julien Marchand,Chiara Bruno,Southern Europe,Account 151 Ltd,Greece,Computacenter,Existing Business - Renewal,3 - Discovery,"$11,000",2026-08-22
DR-1907,2025-10-25,Sofia Almeida,,Iberia,Account 307 Holdings,Portugal,Softcat,Renewal,0 - Closed Lost,,2026-02-15
DR-2314,2026-04-01,Julien Marchand,Chiara Bruno,SEMEA,Account 314 Ltd,Israel,Econocom,New Logo,5 - Proposal,"$106,000",2026-07-12
DR-1541,25/04/2025,Stefan Huber,Lena Wirth,EMEA - DACH - Enterprise,Account 341 Ltd,Germany,Bechtle AG,New Business,7 - Closed Won,"EUR 104,000.00",2025-08-27
DR-1198,2024-11-24,Lukas Brandt,Tobias Frank,,Account 398 SpA,Switzerland,Arrow ECS,New Business,0 - Closed Lost,76000,2025-01-24
DR-2569,2026-07-16,Lukas Brandt,,,Account 169 AB,Germany,Bechtle AG,New Logo,3 - Discovery,"$173,000",2026-12-15
DR-2664,2024-03-23,Lukas Brandt,Tobias Frank,DACH,Old Account 010,Germany,Computacenter,New Business,7 - Closed Won,120000,2024-09-30
DR-2020,27 Dec 2025,Callum Reid,Priya Raman,EMEA - UKI & Nordics - Commercial,Account 020 Ltd,Norway,Arrow ECS,New Logo,4 - Technical Validation,11000,2026-01-22
DR-1580,2025-05-10,Aoife Brennan,Dan Eriksen,Nordics,Account 380 Group,Sweden,TD Synnex,New Business,0 - Closed Lost,"$78,000",2025-10-22
DR-2196,2026-03-01,Aoife Brennan,,Nordics,Account 196 Group,United Kingdom,Bechtle AG,Add-On,6 - Negotiation,107000,2026-07-15
DR-2375,19 May 2026,Callum Reid,,EMEA - Other,Account 375 Holdings,United Kingdom,Cancom,New Logo,2 - Approved,74000,2026-11-09
DR-1547,19/04/2025,Lukas Brandt,,DACH,Account 347 SpA,Switzerland,Softcat,Existing Business - Renewal,0 - Closed Lost,"$192,000",2025-09-14
DR-1957,02/11/2025,Callum Reid,Priya Raman,EMEA - UKI & Nordics - Commercial,Account 357 SAS,Denmark,Computacenter,New Logo,0 - Closed Lost,82000,2026-02-08
DR-2263,2026-03-07,Lukas Brandt,Tobias Frank,dach pod,Account 263 Group,Switzerland,Computacenter,Renewal,7 - Closed Won,"EUR 46,000.00",2026-09-21
DR-1944,2025-10-28,Lukas Brandt,,DACH,Account 344 AB,Germany,Northbridge Data,New Business,0 - Closed Lost,,2026-01-13
DR-1746,18 Jul 2025,Stefan Huber,,DACH,Account 146 GmbH,Switzerland,Ingram Micro,Add-On,Rejected - Duplicate,"EUR 191,000.00",2026-01-01
DR-1695,2025-06-22,Nadia Keller,,dach pod,Account 095 Ltd,Austria,Ingram Micro,New Business,0 - Closed Lost,"EUR 230,000.00",2025-11-09
DR-1553,2025-05-23,Tom Whitfield,Dan Eriksen,EMEA - UKI & Nordics - Commercial,Account 353 SAS,Norway,SHI EMEA,Add-On,Rejected - Duplicate,"$41,000",2025-10-24
DR-1549,2025-05-11,Callum Reid,,UKI/Nordics,Account 349 SAS,Denmark,Computacenter,New Business,7 - Closed Won,"$235,000",2025-09-12
DR-1912,2025-10-04,Yannis Papadakis,Paulo Neves,SEMEA,Account 312 AB,France,Softcat,New Business,7 - Closed Won,"EUR 217,000.00",2026-03-24
DR-1166,2024-11-11,Aoife Brennan,Dan Eriksen,Nordics,Account 366 SpA,Ireland,SHI EMEA,New Business,Expired,60000,2025-04-24
DR-1320,2025-01-11,Jonas Richter,,EMEA - DACH - Enterprise,Account 120 SAS,Switzerland,SHI EMEA,New Business,7 - Closed Won,"$194,000",2025-07-09
DR-1811,2025-09-10,Tom Whitfield,Mollie Shaw,UKI & Nordics,Account 211 SpA,Sweden,Cancom,Renewal,6 - Negotiation,"EUR 71,000.00",2025-11-07
DR-1823,2025-09-24,Sigrid Halvorsen,Priya Raman,UKI & Nordics,Account 223 Ltd,Sweden,TD Synnex,Renewal,7 - Closed Won,220000,2026-04-05
DR-1225,2024-12-07,Sigrid Halvorsen,Priya Raman,EMEA - UKI & Nordics - Commercial,Account 025 AB,Norway,Bechtle AG,Add-On,0 - Closed Lost,"$88,000",2025-01-14
DR-2147,2026-02-07,Callum Reid,,Nordics,Account 147 Holdings,Ireland,Econocom,Add-On,0 - Closed Lost,"EUR 173,000.00",2026-05-14
DR-1278,2025-01-05,Niamh O'Connor,Dan Eriksen,UKI/Nordics,Account 078 SAS,Norway,Arrow ECS,Upsell,0 - Closed Lost,"$168,000",2025-06-15
DR-2101,2026-01-08,Katharina Vogel,Tobias Frank,DACH,Account 101 SpA,Austria,Northbridge Data,Existing Business - Add-On,5 - Proposal,171000,2026-07-13
DR-1813,2025-09-07,Erik Lindqvist,Mollie Shaw,UKI/Nordics,Account 213 GmbH,United Kingdom,SHI EMEA,New Business,7 - Closed Won,"EUR 196,000.00",2026-01-21
DR-1174,2024-11-04,Sofia Almeida,Chiara Bruno,EMEA - Southern Europe,Account 374 SAS,Italy,Softcat,New Business,Rejected - Duplicate,43000,2025-02-03
DR-1022,12/09/2024,Sigrid Halvorsen,,UKI & Nordics,Account 222 Holdings,Finland,Computacenter,Existing Business - Renewal,Expired,29000,2024-11-01
DR-2227,2026-03-03,Sigrid Halvorsen,,,Account 227 GmbH,Sweden,Ingram Micro,Migration,2 - Approved,"$90,000",2026-08-26
DR-2105,2026-01-19,Katharina Vogel,Tobias Frank,EMEA - DACH - Enterprise,Account 105 GmbH,Switzerland,Bechtle AG,New Logo,3 - Discovery,93000,2026-03-23
DR-1292,2025-01-25,Elena Castells,,Southern Europe,Account 092 AB,France,Arrow ECS,New Business,Rejected - Duplicate,"$187,000",2025-04-25
DR-1482,22/04/2025,Callum Reid,Mollie Shaw,EMEA - UKI & Nordics - Commercial,Account 282 GmbH,Ireland,SHI EMEA,Renewal,0 - Closed Lost,"$235,000",2025-06-15
DR-2488,27/06/2026,Elena Castells,,Iberia,Account 088 Group,Italy,Arrow ECS,New Logo,4 - Technical Validation,,2026-09-16
DR-1329,2025-01-12,Lukas Brandt,Tobias Frank,dach pod,Account 129 Holdings,Switzerland,Econocom,New Business,Rejected - Duplicate,"EUR 109,000.00",2025-04-13
DR-1376,22 Feb 2025,Katharina Vogel,Lena Wirth,DACH,Account 176 AB,Germany,Ingram Micro,Add-On,Expired,,2025-05-10
DR-1250,2024-12-08,Jonas Richter,Tobias Frank,dach pod,Account 050 SpA,Austria,Northbridge Data,Existing Business - Add-On,0 - Closed Lost,"EUR 146,000.00",2025-02-03
DR-2129,2026-02-16,Callum Reid,,UKI & Nordics,Account 129 AB,Norway,TD Synnex,New Logo,2 - Approved,"EUR 225,000.00",2026-05-16
DR-2553,2026-07-18,Julien Marchand,,Southern Europe,Account 153 GmbH,Israel,TD Synnex,Existing Business - Renewal,3 - Discovery,"EUR 69,000.00",2027-01-10
DR-2049,18 Dec 2025,Katharina Vogel,Lena Wirth,,Account 049 Group,Germany,Softcat,Upsell,4 - Technical Validation,,2026-03-19
DR-2072,2026-01-16,Aoife Brennan,Priya Raman,Nordics,Account 072 SAS,Sweden,Bechtle AG,Upsell,Expired,173000,2026-04-09
DR-1584,2025-05-20,Sofia Almeida,Paulo Neves,Iberia,Account 384 AB,Israel,Computacenter,Existing Business - Add-On,0 - Closed Lost,"EUR 58,000.00",2025-10-03
DR-1615,2025-05-20,Lukas Brandt,Lena Wirth,,Account 015 SAS,Switzerland,Cancom,New Business,7 - Closed Won,"$222,000",2025-10-05
DR-2102,2026-01-01,Katharina Vogel,Lena Wirth,EMEA - DACH - Enterprise,Account 102 AB,Germany,Econocom,Renewal,1 - Submitted,219000,2026-05-12
DR-2046,04 Dec 2025,Yannis Papadakis,Chiara Bruno,SEMEA,Account 046 Ltd,Israel,Bechtle AG,Renewal,0 - Closed Lost,41000,2026-05-07
DR-2245,2026-03-22,Sofia Almeida,Paulo Neves,Iberia,Account 245 SpA,Italy,Softcat,Renewal,2 - Approved,85000,2026-07-04
DR-2604,2026-08-18,Katharina Vogel,,DACH,Account 204 SpA,Austria,SHI EMEA,New Logo,4 - Technical Validation,"EUR 198,000.00",2026-11-16
DR-1183,2024-11-20,Marco Ferrari,,Southern Europe,Account 383 Holdings,Portugal,Computacenter,New Business,7 - Closed Won,"EUR 183,000.00",2025-02-11
DR-1853,2025-09-02,Stefan Huber,Lena Wirth,DACH,Account 253 SAS,Switzerland,TD Synnex,New Business,0 - Closed Lost,"$221,000",2025-11-08
DR-1869,2025-09-21,Lukas Brandt,,DACH,Account 269 Group,Austria,Cancom,New Business,0 - Closed Lost,,2026-03-05
DR-1116,2024-10-07,Julien Marchand,,EMEA - Southern Europe,Account 316 Ltd,Israel,Arrow ECS,New Business,0 - Closed Lost,"$148,000",2024-12-31
DR-1504,27/04/2025,Marco Ferrari,,SEMEA,Account 304 GmbH,Italy,Computacenter,New Business,Rejected - Duplicate,220000,2025-08-12
DR-1347,19 Feb 2025,Sigrid Halvorsen,Mollie Shaw,UKI & Nordics,Account 147 Holdings,Denmark,Northbridge Data,Existing Business - Renewal,7 - Closed Won,210000,2025-05-29
DR-1534,24/04/2025,Lukas Brandt,Lena Wirth,DACH,Account 334 Holdings,Switzerland,Cancom,Add-On,7 - Closed Won,"EUR 102,000.00",2025-06-13
DR-1917,2025-10-20,Marco Ferrari,Chiara Bruno,EMEA - Southern Europe,Account 317 Holdings,Italy,Cancom,New Business,3 - Discovery,"$179,000",2025-11-25
DR-1712,08 Jul 2025,Niamh O'Connor,Dan Eriksen,UKI/Nordics,Account 112 Ltd,Sweden,SHI EMEA,New Business,0 - Closed Lost,,2025-11-05
DR-1051,22/09/2024,Julien Marchand,,Iberia,Account 251 SAS,Spain,Ingram Micro,New Business,Rejected - Duplicate,"$97,000",2025-03-07
DR-2312,2026-04-17,Elena Castells,Paulo Neves,Iberia,Account 312 SAS,Israel,Ingram Micro,New Logo,7 - Closed Won,"$191,000",2026-09-15
DR-1802,2025-09-12,Callum Reid,Dan Eriksen,EMEA - UKI & Nordics - Commercial,Account 202 GmbH,Denmark,TD Synnex,New Business,3 - Discovery,"$58,000",2025-11-26
DR-2361,17 May 2026,Callum Reid,Mollie Shaw,UKI/Nordics,Account 361 SpA,United Kingdom,Softcat,Upsell,1 - Submitted,23000,2026-09-11
DR-1314,2025-01-15,Lukas Brandt,Lena Wirth,DACH,Account 114 Ltd,Austria,Cancom,New Business,Expired,"EUR 140,000.00",2025-03-26
DR-1213,2024-11-18,Jonas Richter,Tobias Frank,dach pod,Account 013 Holdings,Switzerland,Computacenter,Renewal,4 - Technical Validation,82000,2025-05-10
DR-2676,2024-04-13,Lukas Brandt,Tobias Frank,DACH,Old Account 022,Germany,Computacenter,New Business,7 - Closed Won,120000,2024-09-30
DR-2505,04/06/2026,Lukas Brandt,Lena Wirth,dach pod,Account 105 Ltd,Austria,Arrow ECS,New Logo,3 - Discovery,"EUR 131,000.00",2026-07-23
DR-2351,2026-04-14,Lukas Brandt,Lena Wirth,DACH,Account 351 GmbH,Austria,TD Synnex,Existing Business - Renewal,Rejected - Duplicate,31000,2026-07-11
DR-2628,2026-08-28,Integration User,,Southern Europe,Queued Account 014,Germany,Econocom,New Business,1 - Submitted,,
DR-2091,2026-01-04,Elena Castells,Chiara Bruno,Southern Europe,Account 091 Ltd,Italy,Cancom,Add-On,6 - Negotiation,9000,2026-04-24
DR-1186,2024-11-19,Sofia Almeida,Chiara Bruno,SEMEA,Account 386 Group,France,Bechtle AG,Renewal,0 - Closed Lost,"EUR 133,000.00",2025-05-26
DR-1697,2025-06-26,Stefan Huber,,EMEA - DACH - Enterprise,Account 097 Group,Germany,TD Synnex,Renewal,7 - Closed Won,,2025-11-06
DR-2521,14/06/2026,Lukas Brandt,Tobias Frank,DACH,Account 121 GmbH,Austria,SHI EMEA,New Logo,6 - Negotiation,"$211,000",2026-11-11
DR-1443,2025-03-18,Marco Ferrari,Paulo Neves,EMEA - Southern Europe,Account 243 SpA,Greece,Northbridge Data,New Business,0 - Closed Lost,"EUR 110,000.00",2025-05-20
DR-1866,2025-09-16,Katharina Vogel,Tobias Frank,dach pod,Account 266 SpA,Switzerland,Econocom,Upsell,7 - Closed Won,16000,2026-01-04
DR-1093,2024-10-19,Niamh O'Connor,Priya Raman,Nordics,Account 293 Ltd,Ireland,Computacenter,Add-On,1 - Submitted,"EUR 169,000.00",2025-01-16
DR-2516,11/06/2026,Lukas Brandt,Tobias Frank,dach pod,Account 116 SpA,Germany,Bechtle AG,New Logo,2 - Approved,"$99,000",2026-09-11
DR-1068,05/09/2024,Lukas Brandt,Tobias Frank,dach pod,Account 268 Ltd,Switzerland,Cancom,Renewal,7 - Closed Won,"EUR 17,000.00",2025-03-06
DR-2194,2026-03-03,Callum Reid,,Nordics,Account 194 GmbH,Sweden,SHI EMEA,Existing Business - Renewal,,"EUR 106,000.00",2026-05-25
DR-1975,09/11/2025,Yannis Papadakis,Chiara Bruno,Iberia,Account 375 SAS,Spain,Econocom,Upsell,5 - Proposal,"$86,000",2026-04-27
DR-2018,04 Dec 2025,Erik Lindqvist,Priya Raman,UKI & Nordics,Account 018 AB,United Kingdom,TD Synnex,Existing Business - Add-On,7 - Closed Won,202000,2026-06-18
DR-1218,2024-12-22,Sigrid Halvorsen,Mollie Shaw,UKI/Nordics,Account 018 AB,Ireland,Computacenter,Add-On,1 - Submitted,"EUR 152,000.00",2025-06-14
DR-2449,14/06/2026,Aoife Brennan,Priya Raman,UKI/Nordics,Account 049 GmbH,Sweden,Northbridge Data,Add-On,Expired,109000,2026-11-03
DR-2424,17 May 2026,Lukas Brandt,Lena Wirth,DACH,Account 024 Holdings,Switzerland,Econocom,Add-On,5 - Proposal,96000,2026-08-12
DR-2364,03 May 2026,Callum Reid,Mollie Shaw,UKI & Nordics,Account 364 SpA,Sweden,Computacenter,New Logo,0 - Closed Lost,"EUR 82,000.00",2026-10-21
DR-2157,2026-02-20,Yannis Papadakis,Chiara Bruno,SEMEA,Account 157 Group,France,TD Synnex,Add-On,,"$9,000",2026-05-26
DR-2255,2026-03-19,Elena Castells,Paulo Neves,Southern Europe,Account 255 Holdings,Israel,SHI EMEA,Renewal,Rejected - Duplicate,"EUR 149,000.00",2026-06-18
DR-1409,2025-03-21,Niamh O'Connor,Priya Raman,Nordics,Account 209 Ltd,Finland,Northbridge Data,New Business,Rejected - Duplicate,"EUR 88,000.00",2025-09-23
DR-2404,26 May 2026,Elena Castells,Paulo Neves,SEMEA,Account 004 Group,Israel,Cancom,Renewal,2 - Approved,"EUR 9,000.00",2026-10-09
DR-1960,16/11/2025,Tom Whitfield,Mollie Shaw,UKI & Nordics,Account 360 GmbH,Ireland,SHI EMEA,Competitive Migration,Rejected - Duplicate,204000,2026-01-06
DR-2215,2026-03-27,Callum Reid,Priya Raman,Nordics,Account 215 Holdings,Norway,Econocom,Migration,5 - Proposal,,2026-05-13
DR-1955,16/11/2025,Aoife Brennan,Priya Raman,Nordics,Account 355 Group,Norway,TD Synnex,Upsell,6 - Negotiation,186000,2026-03-07
DR-2246,2026-03-26,Yannis Papadakis,Chiara Bruno,,Account 246 Group,Greece,Arrow ECS,New Logo,0 - Closed Lost,195000,2026-06-02
DR-1021,14/09/2024,Aoife Brennan,Dan Eriksen,UKI & Nordics,Account 221 Ltd,Ireland,Arrow ECS,Existing Business - Add-On,Expired,"$146,000",2025-01-23
DR-2311,2026-04-09,Elena Castells,Paulo Neves,Iberia,Account 311 SpA,Spain,Softcat,New Logo,0 - Closed Lost,20000,2026-05-22
DR-2322,2026-04-23,Marco Ferrari,,EMEA - Southern Europe,Account 322 AB,Italy,Computacenter,Renewal,5 - Proposal,139000,2026-08-20
DR-2166,2026-02-19,Lukas Brandt,Lena Wirth,EMEA - DACH - Enterprise,Account 166 SAS,Germany,Bechtle AG,Existing Business - Add-On,Rejected - Duplicate,59000,2026-05-09
DR-2570,2026-07-08,Katharina Vogel,Tobias Frank,dach pod,Account 170 Group,Germany,Computacenter,Add-On,3 - Discovery,"EUR 13,000.00",2027-01-08
DR-1924,2025-10-14,Lukas Brandt,Tobias Frank,dach pod,Account 324 AB,Switzerland,Arrow ECS,Upsell,Rejected - Duplicate,"EUR 92,000.00",2026-01-31
DR-1720,02 Jul 2025,Niamh O'Connor,,UKI/Nordics,Account 120 SAS,Ireland,Arrow ECS,New Business,2 - Approved,174000,2025-12-04
DR-1452,2025-03-13,Jonas Richter,Lena Wirth,dach pod,Account 252 Holdings,Germany,Northbridge Data,Upsell,0 - Closed Lost,77000,2025-09-12
DR-2108,2026-01-05,Lukas Brandt,Tobias Frank,DACH,Account 108 GmbH,Austria,Ingram Micro,New Logo,2 - Approved,"$184,000",2026-07-01
DR-2425,27 May 2026,Lukas Brandt,Tobias Frank,dach pod,Account 025 Holdings,Austria,TD Synnex,New Logo,3 - Discovery,166000,2026-10-27
DR-2679,,Marco Ferrari,,Southern Europe,No Date Account,Italy,Arrow ECS,New Business,1 - Submitted,50000,
DR-1406,2025-03-19,Niamh O'Connor,,UKI & Nordics,Account 206 Group,Finland,Cancom,Migration,7 - Closed Won,,2025-05-27
DR-1247,2024-12-23,Katharina Vogel,Lena Wirth,DACH,Account 047 AB,Germany,TD Synnex,New Business,0 - Closed Lost,"$239,000",2025-04-22
DR-2185,2026-02-28,Nadia Keller,,,Account 185 Holdings,Switzerland,Computacenter,Add-On,1 - Submitted,"$72,000",2026-08-11
DR-2565,2026-07-07,Lukas Brandt,Tobias Frank,DACH,Account 165 Ltd,Switzerland,SHI EMEA,Existing Business - Add-On,1 - Submitted,103000,2026-12-01
DR-1639,2025-06-04,Aoife Brennan,,UKI/Nordics,Account 039 GmbH,Ireland,Northbridge Data,Renewal,0 - Closed Lost,45000,2025-08-05
DR-2186,2026-02-06,Katharina Vogel,Lena Wirth,DACH,Account 186 Holdings,Germany,Softcat,Add-On,1 - Submitted,"$191,000",2026-06-22
DR-2174,2026-02-12,Katharina Vogel,Tobias Frank,EMEA - DACH - Enterprise,Account 174 AB,Germany,Softcat,New Logo,5 - Proposal,"EUR 153,000.00",2026-07-04
DR-1958,28/11/2025,Aoife Brennan,Dan Eriksen,EMEA - UKI & Nordics - Commercial,Account 358 Ltd,Sweden,Northbridge Data,Migration,0 - Closed Lost,77000,2026-05-28
DR-1887,2025-10-12,Sigrid Halvorsen,Mollie Shaw,Nordics,Account 287 Holdings,Sweden,Northbridge Data,New Business,Expired,"$128,000",2026-03-26
DR-1254,2024-12-07,Lukas Brandt,,EMEA - DACH - Enterprise,Account 054 SAS,Austria,SHI EMEA,Renewal,Rejected - Duplicate,"EUR 41,000.00",2025-03-31
DR-1208,2024-11-28,Nadia Keller,Lena Wirth,DACH,Account 008 Group,Austria,TD Synnex,New Business,Rejected - Duplicate,"EUR 135,000.00",2025-06-08
DR-2543,2026-07-02,Sofia Almeida,Paulo Neves,EMEA - Southern Europe,Account 143 GmbH,Israel,Northbridge Data,Renewal,4 - Technical Validation,"$133,000",2026-11-11
DR-2442,04/06/2026,Sigrid Halvorsen,Mollie Shaw,EMEA - UKI & Nordics - Commercial,Account 042 Ltd,Denmark,TD Synnex,Existing Business - Add-On,3 - Discovery,"$100,000",2026-12-02
DR-2377,17 May 2026,Erik Lindqvist,Mollie Shaw,UKI/Nordics,Account 377 Holdings,United Kingdom,Computacenter,New Logo,0 - Closed Lost,"EUR 163,000.00",2026-11-30
DR-2289,2026-04-21,Tom Whitfield,Mollie Shaw,Nordics,Account 289 Holdings,United Kingdom,Cancom,New Logo,1 - Submitted,15000,2026-09-15
DR-1668,2025-06-06,Sofia Almeida,,EMEA - Southern Europe,Account 068 Group,Spain,Cancom,New Business,7 - Closed Won,"EUR 91,000.00",2025-10-30
DR-1579,2025-05-10,Niamh O'Connor,,UKI/Nordics,Account 379 GmbH,Norway,SHI EMEA,Upsell,0 - Closed Lost,166000,2025-09-04
DR-2528,2026-07-09,Callum Reid,,UKI/Nordics,Account 128 Group,Norway,Northbridge Data,New Logo,3 - Discovery,"$155,000",2026-11-18
DR-2027,25 Dec 2025,Callum Reid,,EMEA - UKI & Nordics - Commercial,Account 027 SAS,Ireland,Ingram Micro,Upsell,0 - Closed Lost,220000,2026-03-26
DR-2410,19 May 2026,Lukas Brandt,,DACH,Account 010 SAS,Austria,Northbridge Data,New Logo,7 - Closed Won,"$179,000",2026-09-03
DR-1336,07 Feb 2025,Sigrid Halvorsen,Mollie Shaw,EMEA - UKI & Nordics - Commercial,Account 136 AB,Denmark,Northbridge Data,New Business,Rejected - Duplicate,85000,2025-07-20
DR-1590,2025-05-18,Julien Marchand,Paulo Neves,Southern Europe,Account 390 SAS,Greece,Softcat,Existing Business - Add-On,7 - Closed Won,"EUR 158,000.00",2025-09-08
DR-1609,2025-05-17,Nadia Keller,Tobias Frank,dach pod,Account 009 Holdings,Switzerland,Cancom,New Business,0 - Closed Lost,148000,2025-06-26
DR-2258,2026-03-19,Lukas Brandt,Lena Wirth,DACH,Account 258 SAS,Switzerland,Bechtle AG,Renewal,7 - Closed Won,"$175,000",2026-05-29
DR-2151,2026-02-06,Sofia Almeida,Chiara Bruno,EMEA - Other,Account 151 AB,France,Bechtle AG,New Logo,7 - Closed Won,"$109,000",2026-06-22
DR-2429,23 May 2026,Lukas Brandt,Lena Wirth,DACH,Account 029 Holdings,Switzerland,Econocom,New Logo,2 - Approved,"$47,000",2026-09-09
DR-2118,2026-02-04,Aoife Brennan,,,Account 118 Group,Ireland,Northbridge Data,Add-On,5 - Proposal,"$130,000",2026-04-28
DR-2251,2026-03-24,Yannis Papadakis,,SEMEA,Account 251 Ltd,Spain,SHI EMEA,New Logo,6 - Negotiation,,2026-06-04
DR-1557,2025-05-06,Tom Whitfield,,UKI/Nordics,Account 357 SAS,Finland,Northbridge Data,New Business,0 - Closed Lost,67000,2025-10-28
DR-1533,21/04/2025,Lukas Brandt,Lena Wirth,DACH,Account 333 SAS,Germany,Bechtle AG,New Business,7 - Closed Won,"EUR 228,000.00",2025-10-24
DR-2603,2026-08-09,Lukas Brandt,,EMEA - DACH - Enterprise,Account 203 Group,Switzerland,Softcat,New Logo,3 - Discovery,"EUR 226,000.00",2027-02-06
DR-1389,14 Feb 2025,Katharina Vogel,Lena Wirth,dach pod,Account 189 Ltd,Germany,Cancom,Existing Business - Renewal,7 - Closed Won,,2025-08-24
DR-1666,2025-06-01,Julien Marchand,Paulo Neves,EMEA - Southern Europe,Account 066 Ltd,Spain,Arrow ECS,New Business,7 - Closed Won,22000,2025-07-08
DR-1392,14 Feb 2025,Lukas Brandt,,DACH,Account 192 Holdings,Austria,Softcat,New Business,Rejected - Duplicate,"EUR 233,000.00",2025-06-28
DR-2305,2026-04-16,Aoife Brennan,Priya Raman,UKI & Nordics,Account 305 SAS,Norway,Softcat,New Logo,5 - Proposal,39000,2026-10-18
DR-1729,20 Jul 2025,Sofia Almeida,Paulo Neves,EMEA - Southern Europe,Account 129 SAS,Portugal,Northbridge Data,Renewal,Rejected - Duplicate,"$191,000",2025-10-28
DR-1120,2024-10-03,Elena Castells,,Iberia,Account 320 SpA,Portugal,Econocom,Renewal,0 - Closed Lost,75000,2025-04-09
DR-1038,01/09/2024,Julien Marchand,,,Account 238 Ltd,France,Bechtle AG,New Business,7 - Closed Won,,2025-03-14
DR-1540,15/04/2025,Katharina Vogel,Lena Wirth,dach pod,Account 340 Holdings,Austria,Cancom,New Business,0 - Closed Lost,"$107,000",2025-10-04
DR-1102,2024-10-13,Sigrid Halvorsen,,EMEA - UKI & Nordics - Commercial,Account 302 Holdings,Denmark,Arrow ECS,New Business,0 - Closed Lost,"$149,000",2024-11-17
DR-2007,07 Dec 2025,Erik Lindqvist,,UKI & Nordics,Account 007 AB,Norway,Computacenter,Existing Business - Add-On,0 - Closed Lost,197000,2026-03-02
DR-1808,2025-09-14,Sigrid Halvorsen,Mollie Shaw,UKI & Nordics,Account 208 SpA,Ireland,Softcat,Renewal,0 - Closed Lost,"EUR 106,000.00",2026-02-02
DR-2325,2026-04-18,Marco Ferrari,Paulo Neves,SEMEA,Account 325 Group,France,Ingram Micro,Existing Business - Add-On,3 - Discovery,"$37,000",2026-05-15
DR-1140,2024-10-13,Stefan Huber,Tobias Frank,dach pod,Account 340 Holdings,Germany,Econocom,Add-On,Expired,"EUR 27,000.00",2025-02-24
DR-1472,2025-03-06,Lukas Brandt,Lena Wirth,dach pod,Account 272 Holdings,Germany,SHI EMEA,New Business,7 - Closed Won,"$221,000",2025-08-17
DR-2277,2026-03-17,Katharina Vogel,Tobias Frank,DACH,Account 277 Holdings,Austria,Econocom,New Logo,7 - Closed Won,"$67,000",2026-07-25
DR-2097,2026-01-23,Stefan Huber,Lena Wirth,DACH,Account 097 Ltd,Germany,Northbridge Data,Renewal,4 - Technical Validation,191000,2026-05-21
DR-1297,2025-01-26,Elena Castells,,SEMEA,Account 097 Holdings,Greece,Computacenter,New Business,0 - Closed Lost,"EUR 116,000.00",2025-04-03
DR-1587,2025-05-09,Elena Castells,Paulo Neves,SEMEA,Account 387 SAS,Israel,TD Synnex,Add-On,0 - Closed Lost,231000,2025-06-25
DR-1559,2025-05-05,Tom Whitfield,Dan Eriksen,Nordics,Account 359 AB,Ireland,SHI EMEA,New Business,7 - Closed Won,"EUR 157,000.00",2025-06-06
DR-1299,2025-01-16,Elena Castells,,EMEA - Southern Europe,Account 099 Group,Portugal,Softcat,Renewal,5 - Proposal,"$138,000",2025-02-12
DR-1322,2025-01-06,Nadia Keller,Tobias Frank,DACH,Account 122 Group,Austria,Northbridge Data,New Business,Rejected - Duplicate,"EUR 12,000.00",2025-06-08
DR-2423,14 May 2026,Lukas Brandt,Tobias Frank,DACH,Account 023 GmbH,Austria,Ingram Micro,Existing Business - Renewal,6 - Negotiation,"EUR 166,000.00",2026-08-17
DR-2638,2025-03-15,Deal Reg Queue,,Southern Europe,Queued Account 024,Germany,SHI EMEA,New Business,1 - Submitted,,
DR-1899,2025-10-04,Tom Whitfield,Mollie Shaw,Nordics,Account 299 GmbH,United Kingdom,SHI EMEA,Migration,0 - Closed Lost,"EUR 147,000.00",2025-12-07
DR-2613,2026-08-12,Katharina Vogel,Tobias Frank,DACH,Account 213 Ltd,Austria,Bechtle AG,Competitive Migration,5 - Proposal,"$32,000",2026-10-09
DR-2462,23/06/2026,Sigrid Halvorsen,,UKI/Nordics,Account 062 GmbH,Sweden,Softcat,Add-On,0 - Closed Lost,144000,2026-08-27
DR-2492,28/06/2026,Julien Marchand,,EMEA - Southern Europe,Account 092 SpA,France,Ingram Micro,New Logo,7 - Closed Won,"EUR 79,000.00",2026-09-14
DR-2253,2026-03-19,Yannis Papadakis,Chiara Bruno,Southern Europe,Account 253 SAS,Portugal,Cancom,New Logo,7 - Closed Won,"EUR 91,000.00",2026-06-20
DR-1397,2025-03-15,Niamh O'Connor,,EMEA - UKI & Nordics - Commercial,Account 197 GmbH,United Kingdom,Northbridge Data,New Business,0 - Closed Lost,45000,2025-05-14
DR-1433,2025-03-19,Elena Castells,Paulo Neves,Iberia,Account 233 SAS,Israel,SHI EMEA,New Business,7 - Closed Won,"EUR 146,000.00",2025-09-27
DR-1747,2025-08-07,Sigrid Halvorsen,,UKI & Nordics,Account 147 AB,Norway,Arrow ECS,New Business,7 - Closed Won,"EUR 105,000.00",2026-01-30
DR-1736,15 Jul 2025,Sofia Almeida,Paulo Neves,Southern Europe,Account 136 SAS,Portugal,SHI EMEA,New Business,7 - Closed Won,,2025-08-31
DR-2477,28/06/2026,Tom Whitfield,,Nordics,Account 077 AB,Sweden,Bechtle AG,New Logo,1 - Submitted,114000,2026-09-21
DR-1806,2025-09-16,Callum Reid,Dan Eriksen,EMEA - UKI & Nordics - Commercial,Account 206 GmbH,Norway,Cancom,Add-On,0 - Closed Lost,"$180,000",2026-02-22
DR-1599,2025-05-18,Yannis Papadakis,Chiara Bruno,Southern Europe,Account 399 SAS,France,Cancom,New Business,Rejected - Duplicate,"$237,000",2025-10-18
DR-1353,14 Feb 2025,Aoife Brennan,Mollie Shaw,EMEA - UKI & Nordics - Commercial,Account 153 Group,United Kingdom,Ingram Micro,Existing Business - Add-On,7 - Closed Won,"$11,000",2025-08-18
DR-1757,2025-08-22,Aoife Brennan,,UKI & Nordics,Account 157 GmbH,Denmark,Arrow ECS,New Business,4 - Technical Validation,"EUR 51,000.00",2025-12-02
DR-1135,2024-10-11,Stefan Huber,,dach pod,Account 335 Holdings,Austria,Ingram Micro,Existing Business - Add-On,7 - Closed Won,90000,2025-03-31
DR-2354,2026-04-18,Lukas Brandt,Tobias Frank,dach pod,Account 354 SAS,Germany,SHI EMEA,New Logo,1 - Submitted,"EUR 152,000.00",2026-08-11
DR-2509,25/06/2026,Katharina Vogel,Lena Wirth,EMEA - DACH - Enterprise,Account 109 Ltd,Switzerland,Northbridge Data,New Logo,6 - Negotiation,"EUR 122,000.00",2026-09-08
DR-1402,2025-03-10,Niamh O'Connor,Priya Raman,UKI & Nordics,Account 202 GmbH,Finland,Computacenter,Renewal,Rejected - Duplicate,"EUR 186,000.00",2025-06-21
DR-2211,2026-03-02,Tom Whitfield,Dan Eriksen,UKI/Nordics,Account 211 GmbH,Norway,Computacenter,New Logo,0 - Closed Lost,"EUR 102,000.00",2026-06-30
DR-1691,2025-06-04,Lukas Brandt,Lena Wirth,DACH,Account 091 Group,Austria,Cancom,New Business,0 - Closed Lost,135000,2025-08-11
DR-2392,18 May 2026,Elena Castells,,EMEA - Southern Europe,Account 392 Group,Spain,Cancom,New Logo,3 - Discovery,"$87,000",2026-11-28
DR-2221,2026-03-11,Sigrid Halvorsen,Priya Raman,EMEA - UKI & Nordics - Commercial,Account 221 AB,Ireland,Softcat,New Logo,3 - Discovery,"$8,000",2026-09-25
DR-2248,2026-03-08,Julien Marchand,Paulo Neves,SEMEA,Account 248 SAS,Greece,Northbridge Data,Existing Business - Renewal,3 - Discovery,"$232,000",2026-04-03
DR-2503,09/06/2026,Katharina Vogel,,DACH,Account 103 GmbH,Switzerland,TD Synnex,New Logo,4 - Technical Validation,"$201,000",2026-12-21
DR-1857,2025-09-27,Katharina Vogel,,DACH,Account 257 Holdings,Germany,Ingram Micro,Competitive Migration,0 - Closed Lost,"EUR 221,000.00",2026-01-25
DR-1603,2025-05-16,Katharina Vogel,Tobias Frank,dach pod,Account 003 Group,Austria,Northbridge Data,Migration,0 - Closed Lost,"EUR 236,000.00",2025-07-26
DR-1581,2025-05-11,Sofia Almeida,Chiara Bruno,Iberia,Account 381 SpA,Israel,Bechtle AG,Existing Business - Renewal,Expired,179000,2025-11-03
DR-1276,2025-01-21,Tom Whitfield,Mollie Shaw,UKI & Nordics,Account 076 Holdings,Sweden,Softcat,New Business,7 - Closed Won,"$76,000",2025-04-10
DR-1466,2025-03-28,Lukas Brandt,Lena Wirth,EMEA - DACH - Enterprise,Account 266 AB,Switzerland,Northbridge Data,New Business,7 - Closed Won,146000,2025-04-27
DR-1449,2025-03-02,Julien Marchand,,EMEA - Southern Europe,Account 249 GmbH,Israel,SHI EMEA,Upsell,0 - Closed Lost,,2025-07-23
DR-1471,2025-03-19,Katharina Vogel,Lena Wirth,DACH,Account 271 Holdings,Germany,Computacenter,New Business,Rejected - Duplicate,141000,2025-07-25
DR-1222,2024-12-12,Niamh O'Connor,Mollie Shaw,EMEA - UKI & Nordics - Commercial,Account 022 SpA,Finland,SHI EMEA,New Business,Rejected - Duplicate,"$150,000",2025-05-14
DR-1856,2025-09-04,Katharina Vogel,,DACH,Account 256 AB,Austria,Econocom,Existing Business - Add-On,7 - Closed Won,,2025-10-10
DR-2363,15 May 2026,Callum Reid,Dan Eriksen,Nordics,Account 363 Holdings,Finland,TD Synnex,Upsell,6 - Negotiation,,2026-08-13
DR-2631,2025-03-27,Deal Reg Queue,,DACH,Queued Account 017,Germany,TD Synnex,New Business,1 - Submitted,,
DR-2545,2026-07-04,Marco Ferrari,Chiara Bruno,SEMEA,Account 145 Group,Spain,TD Synnex,Existing Business - Renewal,0 - Closed Lost,,2026-11-16
DR-2154,2026-02-17,Elena Castells,,Southern Europe,Account 154 Ltd,France,Ingram Micro,New Logo,7 - Closed Won,"$31,000",2026-03-15
DR-1084,16/09/2024,Katharina Vogel,Tobias Frank,dach pod,Account 284 Group,Germany,Computacenter,New Business,7 - Closed Won,"EUR 102,000.00",2024-11-18
DR-1401,2025-03-21,Sigrid Halvorsen,Priya Raman,,Account 201 AB,Sweden,Econocom,Renewal,7 - Closed Won,"EUR 225,000.00",2025-10-03
DR-2210,2026-03-13,Erik Lindqvist,Priya Raman,EMEA - UKI & Nordics - Commercial,Account 210 Holdings,United Kingdom,Northbridge Data,Renewal,3 - Discovery,46000,2026-09-21
DR-2110,2026-01-09,Katharina Vogel,Lena Wirth,EMEA - DACH - Enterprise,Account 110 SAS,Switzerland,Bechtle AG,New Logo,6 - Negotiation,,2026-04-14
DR-2433,11 May 2026,Katharina Vogel,Lena Wirth,EMEA - DACH - Enterprise,Account 033 GmbH,Switzerland,Arrow ECS,Add-On,2 - Approved,193000,2026-06-15
DR-2032,19 Dec 2025,Erik Lindqvist,Dan Eriksen,Nordics,Account 032 Group,Ireland,Arrow ECS,Upsell,0 - Closed Lost,"$53,000",2026-03-28
DR-1293,2025-01-04,Julien Marchand,Chiara Bruno,Southern Europe,Account 093 GmbH,Portugal,SHI EMEA,New Business,0 - Closed Lost,97000,2025-02-10
DR-1055,15/09/2024,Katharina Vogel,Tobias Frank,DACH,Account 255 SAS,Germany,TD Synnex,New Business,0 - Closed Lost,23000,2025-02-14
DR-1824,2025-09-15,Tom Whitfield,Priya Raman,EMEA - UKI & Nordics - Commercial,Account 224 SAS,United Kingdom,Cancom,Renewal,5 - Proposal,89000,2026-03-29
DR-2621,2026-01-27,Deal Reg Queue,,Southern Europe,Queued Account 007,Germany,Arrow ECS,New Business,1 - Submitted,,
DR-1343,05 Feb 2025,Sigrid Halvorsen,,UKI/Nordics,Account 143 GmbH,Denmark,Computacenter,Existing Business - Renewal,7 - Closed Won,145000,2025-08-22
DR-1237,2024-12-23,Marco Ferrari,Chiara Bruno,Iberia,Account 037 Holdings,Spain,Softcat,Upsell,0 - Closed Lost,"$169,000",2025-04-30
DR-2106,2026-01-24,Lukas Brandt,Lena Wirth,EMEA - DACH - Enterprise,Account 106 Group,Germany,Northbridge Data,New Logo,7 - Closed Won,"EUR 22,000.00",2026-04-13
DR-2494,18/06/2026,Sofia Almeida,,Iberia,Account 094 GmbH,Italy,Computacenter,Existing Business - Renewal,5 - Proposal,,2026-09-19
DR-2419,09 May 2026,Lukas Brandt,,EMEA - Other,Account 019 SpA,Switzerland,Softcat,Upsell,5 - Proposal,"$214,000",2026-08-12
DR-2089,2026-01-23,Marco Ferrari,Paulo Neves,EMEA - Southern Europe,Account 089 SpA,Greece,Econocom,New Logo,5 - Proposal,"EUR 150,000.00",2026-07-16
DR-2145,2026-02-10,Erik Lindqvist,Priya Raman,Nordics,Account 145 Holdings,Denmark,SHI EMEA,New Logo,7 - Closed Won,"$111,000",2026-04-18
DR-1816,2025-09-26,Aoife Brennan,Priya Raman,UKI & Nordics,Account 216 SpA,United Kingdom,Softcat,Add-On,7 - Closed Won,175000,2026-03-30
DR-1576,2025-05-07,Niamh O'Connor,Priya Raman,EMEA - UKI & Nordics - Commercial,Account 376 GmbH,Ireland,Arrow ECS,New Business,7 - Closed Won,"$17,000",2025-06-26
DR-1519,26/04/2025,Elena Castells,Paulo Neves,Southern Europe,Account 319 AB,Israel,Softcat,Existing Business - Renewal,0 - Closed Lost,50000,2025-08-31
DR-1017,04/09/2024,Tom Whitfield,,EMEA - UKI & Nordics - Commercial,Account 217 Group,United Kingdom,TD Synnex,New Business,0 - Closed Lost,"EUR 181,000.00",2024-10-11
DR-2593,2026-08-04,Julien Marchand,,Southern Europe,Account 193 Group,Italy,SHI EMEA,Competitive Migration,3 - Discovery,"EUR 122,000.00",2027-02-19
DR-2093,2026-01-12,Marco Ferrari,Paulo Neves,Southern Europe,Account 093 Holdings,France,Econocom,New Logo,6 - Negotiation,"EUR 216,000.00",2026-02-20
DR-1522,15/04/2025,Julien Marchand,,EMEA - Southern Europe,Account 322 AB,Italy,Econocom,Existing Business - Renewal,0 - Closed Lost,147000,2025-07-05
DR-1980,25/11/2025,Marco Ferrari,Paulo Neves,Iberia,Account 380 Holdings,Israel,SHI EMEA,Upsell,0 - Closed Lost,"EUR 85,000.00",2026-01-30
DR-2561,2026-07-24,Lukas Brandt,,dach pod,Account 161 SAS,Switzerland,Cancom,Add-On,1 - Submitted,94000,2026-11-13
DR-2672,2024-02-24,Lukas Brandt,Tobias Frank,DACH,Old Account 018,Germany,Bechtle AG,New Business,7 - Closed Won,120000,2024-09-30
DR-1854,2025-09-01,Lukas Brandt,Tobias Frank,DACH,Account 254 SpA,Germany,Northbridge Data,Renewal,0 - Closed Lost,"EUR 222,000.00",2026-01-06
DR-2222,2026-03-24,Erik Lindqvist,Mollie Shaw,Nordics,Account 222 SpA,Finland,Bechtle AG,Upsell,3 - Discovery,81000,2026-09-22
DR-2510,09/06/2026,Lukas Brandt,Lena Wirth,dach pod,Account 110 Ltd,Germany,Ingram Micro,New Logo,7 - Closed Won,"$97,000",2026-09-23
DR-1285,2025-01-28,Aoife Brennan,Mollie Shaw,UKI/Nordics,Account 085 AB,United Kingdom,Bechtle AG,New Business,0 - Closed Lost,"$213,000",2025-07-23
DR-1593,2025-05-08,Julien Marchand,,Iberia,Account 393 SAS,Portugal,SHI EMEA,New Business,3 - Discovery,"EUR 167,000.00",2025-06-02
DR-2012,22 Dec 2025,Aoife Brennan,Dan Eriksen,Nordics,Account 012 SpA,Norway,Cancom,Renewal,0 - Closed Lost,36000,2026-07-03
DR-1126,2024-10-22,Elena Castells,Chiara Bruno,Southern Europe,Account 326 AB,Italy,Bechtle AG,Existing Business - Add-On,0 - Closed Lost,"EUR 56,000.00",2025-03-27
DR-1812,2025-09-08,Sigrid Halvorsen,Mollie Shaw,Nordics,Account 212 Ltd,Norway,Bechtle AG,Existing Business - Renewal,7 - Closed Won,"EUR 120,000.00",2025-11-23
DR-2175,2026-02-20,Katharina Vogel,,DACH,Account 175 AB,Austria,Cancom,Existing Business - Add-On,0 - Closed Lost,"$83,000",2026-06-06
DR-2223,2026-03-20,Tom Whitfield,Dan Eriksen,,Account 223 Ltd,Norway,Northbridge Data,Migration,7 - Closed Won,189000,2026-08-04
DR-2448,21/06/2026,Erik Lindqvist,Mollie Shaw,EMEA - Other,Account 048 AB,United Kingdom,Northbridge Data,Upsell,,"$103,000",2026-10-09
DR-1457,2025-03-22,Katharina Vogel,Lena Wirth,EMEA - DACH - Enterprise,Account 257 SAS,Switzerland,Softcat,New Business,7 - Closed Won,"EUR 131,000.00",2025-06-28
DR-1450,2025-03-24,Lukas Brandt,Lena Wirth,EMEA - DACH - Enterprise,Account 250 SAS,Switzerland,Cancom,New Business,7 - Closed Won,221000,2025-05-11
DR-1310,2025-01-05,Jonas Richter,,EMEA - DACH - Enterprise,Account 110 AB,Germany,TD Synnex,New Business,7 - Closed Won,"$148,000",2025-06-03
DR-1925,2025-10-17,Nadia Keller,,dach pod,Account 325 GmbH,Switzerland,TD Synnex,New Business,1 - Submitted,137000,2026-04-19
DR-2241,2026-03-08,Julien Marchand,Chiara Bruno,EMEA - Southern Europe,Account 241 Holdings,Greece,Arrow ECS,Existing Business - Renewal,4 - Technical Validation,82000,2026-07-23
DR-1617,2025-05-16,Nadia Keller,,DACH,Account 017 AB,Germany,TD Synnex,Renewal,7 - Closed Won,"$218,000",2025-11-03
DR-2548,2026-07-13,Elena Castells,Chiara Bruno,SEMEA,Account 148 Ltd,Italy,Bechtle AG,Renewal,5 - Proposal,109000,2026-09-22
DR-1301,2025-01-17,Marco Ferrari,Paulo Neves,EMEA - Southern Europe,Account 101 Group,Greece,Cancom,New Business,Expired,"EUR 166,000.00",2025-03-19
DR-1168,2024-11-26,Sigrid Halvorsen,Dan Eriksen,EMEA - UKI & Nordics - Commercial,Account 368 GmbH,Denmark,Northbridge Data,Existing Business - Add-On,Rejected - Duplicate,33000,2025-02-12
DR-1489,18/04/2025,Sigrid Halvorsen,Dan Eriksen,Nordics,Account 289 Holdings,Norway,Econocom,Upsell,0 - Closed Lost,,2025-05-22
DR-1562,2025-05-17,Callum Reid,Dan Eriksen,EMEA - UKI & Nordics - Commercial,Account 362 SpA,Denmark,Ingram Micro,Existing Business - Add-On,7 - Closed Won,"EUR 56,000.00",2025-10-27
DR-2507,10/06/2026,Katharina Vogel,Tobias Frank,DACH,Account 107 Ltd,Switzerland,Bechtle AG,Upsell,6 - Negotiation,"$214,000",2026-09-28
DR-1075,11/09/2024,Lukas Brandt,Lena Wirth,dach pod,Account 275 Holdings,Germany,Econocom,Existing Business - Renewal,7 - Closed Won,"EUR 223,000.00",2025-02-14
DR-1830,2025-09-25,Julien Marchand,,Southern Europe,Account 230 Group,Italy,TD Synnex,New Business,2 - Approved,30000,2026-01-24
DR-1836,2025-09-12,Julien Marchand,Chiara Bruno,Southern Europe,Account 236 SpA,Spain,TD Synnex,Existing Business - Add-On,7 - Closed Won,,2025-12-28
DR-1142,2024-10-11,Stefan Huber,Lena Wirth,EMEA - DACH - Enterprise,Account 342 Ltd,Austria,Computacenter,Renewal,7 - Closed Won,"EUR 136,000.00",2025-04-07
DR-1328,2025-01-06,Katharina Vogel,Lena Wirth,dach pod,Account 128 SAS,Germany,Computacenter,Add-On,0 - Closed Lost,"$237,000",2025-05-04
DR-1877,2025-10-21,Erik Lindqvist,Mollie Shaw,Nordics,Account 277 SAS,Denmark,Softcat,Existing Business - Renewal,7 - Closed Won,12000,2026-04-18
DR-1229,2024-12-12,Aoife Brennan,Dan Eriksen,Nordics,Account 029 AB,United Kingdom,Ingram Micro,Add-On,0 - Closed Lost,"$76,000",2025-02-16
DR-2520,16/06/2026,Stefan Huber,Lena Wirth,dach pod,Account 120 Holdings,Switzerland,Northbridge Data,New Logo,6 - Negotiation,"EUR 14,000.00",2026-12-11
DR-2609,2026-08-02,Lukas Brandt,,EMEA - DACH - Enterprise,Account 209 Ltd,Switzerland,SHI EMEA,Existing Business - Add-On,1 - Submitted,"$192,000",2026-09-04
DR-1058,24/09/2024,Lukas Brandt,,DACH,Account 258 Ltd,Switzerland,Northbridge Data,Existing Business - Add-On,7 - Closed Won,,2024-11-10
DR-1060,16/09/2024,Stefan Huber,Tobias Frank,DACH,Account 260 SpA,Switzerland,Econocom,New Business,4 - Technical Validation,,2024-12-13
DR-1465,2025-03-13,Katharina Vogel,Lena Wirth,DACH,Account 265 Group,Austria,TD Synnex,Renewal,7 - Closed Won,"$67,000",2025-09-25
DR-2497,20/06/2026,Julien Marchand,Chiara Bruno,,Account 097 Ltd,Spain,Econocom,Renewal,1 - Submitted,,2026-08-11
DR-1582,2025-05-23,Elena Castells,Paulo Neves,SEMEA,Account 382 SAS,Italy,Econocom,Add-On,0 - Closed Lost,"EUR 204,000.00",2025-07-05
DR-2661,2024-06-18,Lukas Brandt,Tobias Frank,DACH,Old Account 007,Germany,Ingram Micro,New Business,7 - Closed Won,120000,2024-09-30
DR-1152,2024-11-03,Sigrid Halvorsen,,UKI & Nordics,Account 352 SAS,Ireland,Ingram Micro,New Business,7 - Closed Won,"EUR 185,000.00",2025-01-21
DR-1089,2024-10-18,Aoife Brennan,Mollie Shaw,EMEA - Other,Account 289 SAS,United Kingdom,Cancom,Existing Business - Add-On,0 - Closed Lost,"$158,000",2024-12-15
DR-1962,08/11/2025,Aoife Brennan,Priya Raman,UKI & Nordics,Account 362 AB,Ireland,TD Synnex,New Logo,4 - Technical Validation,"EUR 87,000.00",2025-12-04
DR-2386,25 May 2026,Sigrid Halvorsen,Dan Eriksen,EMEA - UKI & Nordics - Commercial,Account 386 SpA,Sweden,Bechtle AG,Renewal,5 - Proposal,"$230,000",2026-12-03
DR-1241,2024-12-15,Yannis Papadakis,Chiara Bruno,SEMEA,Account 041 SAS,Spain,SHI EMEA,New Business,0 - Closed Lost,192000,2025-04-13
DR-1680,2025-06-27,Katharina Vogel,Tobias Frank,dach pod,Account 080 AB,Germany,Computacenter,New Business,0 - Closed Lost,"EUR 21,000.00",2025-10-18
DR-2475,27/06/2026,Callum Reid,,Nordics,Account 075 Ltd,Ireland,Ingram Micro,Add-On,1 - Submitted,"$36,000",2026-09-20
DR-2191,2026-02-02,Stefan Huber,Lena Wirth,DACH,Account 191 SpA,Germany,Econocom,Existing Business - Renewal,0 - Closed Lost,"$80,000",2026-05-21
DR-1287,2025-01-01,Julien Marchand,Paulo Neves,Southern Europe,Account 087 AB,Portugal,Econocom,New Business,Rejected - Duplicate,"$45,000",2025-05-01
DR-2074,2026-01-01,Erik Lindqvist,Dan Eriksen,Nordics,Account 074 SpA,Denmark,Ingram Micro,New Logo,Expired,122000,2026-04-20
DR-1395,09 Feb 2025,Lukas Brandt,Tobias Frank,dach pod,Account 195 Holdings,Switzerland,Bechtle AG,Existing Business - Add-On,Rejected - Duplicate,"EUR 30,000.00",2025-06-18
DR-2220,2026-03-10,Callum Reid,Dan Eriksen,UKI & Nordics,Account 220 AB,Ireland,Softcat,Migration,0 - Closed Lost,"EUR 36,000.00",2026-08-16
DR-1149,2024-10-15,Lukas Brandt,Tobias Frank,EMEA - DACH - Enterprise,Account 349 Holdings,Austria,Arrow ECS,New Business,Rejected - Duplicate,"$111,000",2024-12-13
DR-1702,2025-06-05,Stefan Huber,Tobias Frank,DACH,Account 102 Holdings,Austria,Bechtle AG,Existing Business - Renewal,2 - Approved,140000,2025-10-25
DR-1623,2025-05-14,Stefan Huber,Lena Wirth,EMEA - Other,Account 023 AB,Switzerland,Softcat,New Business,0 - Closed Lost,,2025-07-15
DR-1679,2025-06-23,Lukas Brandt,Lena Wirth,,Account 079 Ltd,Switzerland,Computacenter,New Business,Rejected - Duplicate,34000,2025-09-03
DR-2473,07/06/2026,Erik Lindqvist,Dan Eriksen,EMEA - UKI & Nordics - Commercial,Account 073 Ltd,Finland,Ingram Micro,Existing Business - Add-On,Rejected - Duplicate,"EUR 149,000.00",2026-08-27
DR-1827,2025-09-28,Aoife Brennan,,UKI & Nordics,Account 227 AB,Finland,Softcat,New Business,1 - Submitted,"EUR 187,000.00",2025-11-25
DR-1078,14/09/2024,Katharina Vogel,,dach pod,Account 278 AB,Germany,Computacenter,New Business,7 - Closed Won,"EUR 17,000.00",2025-02-02
DR-1686,2025-06-28,Katharina Vogel,Tobias Frank,DACH,Account 086 Group,Austria,Northbridge Data,Existing Business - Renewal,0 - Closed Lost,149000,2025-12-26
DR-2436,26/06/2026,Tom Whitfield,,Nordics,Account 036 Ltd,Norway,Softcat,Renewal,4 - Technical Validation,"$25,000",2026-12-24
DR-1307,2025-01-23,Katharina Vogel,Lena Wirth,EMEA - Other,Account 107 Group,Switzerland,Softcat,Renewal,Rejected - Duplicate,107000,2025-05-20
DR-1119,2024-10-14,Elena Castells,Paulo Neves,Iberia,Account 319 Group,Greece,Northbridge Data,Renewal,0 - Closed Lost,"EUR 102,000.00",2025-01-05
DR-2549,2026-07-28,Marco Ferrari,Paulo Neves,Iberia,Account 149 Group,Spain,Ingram Micro,Existing Business - Add-On,5 - Proposal,"EUR 121,000.00",2026-12-17
DR-2454,12/06/2026,Erik Lindqvist,Dan Eriksen,UKI/Nordics,Account 054 AB,Denmark,Arrow ECS,Migration,2 - Approved,90000,2026-10-09
DR-1266,2025-01-24,Tom Whitfield,Priya Raman,EMEA - UKI & Nordics - Commercial,Account 066 AB,Ireland,Econocom,Migration,2 - Approved,"$110,000",2025-04-13
DR-2352,2026-04-13,Lukas Brandt,Lena Wirth,dach pod,Account 352 Holdings,Switzerland,Computacenter,Existing Business - Add-On,5 - Proposal,"EUR 163,000.00",2026-07-24
DR-2167,2026-02-08,Lukas Brandt,Lena Wirth,DACH,Account 167 AB,Switzerland,Ingram Micro,New Logo,5 - Proposal,"EUR 115,000.00",2026-07-13
DR-1396,2025-03-24,Tom Whitfield,Mollie Shaw,EMEA - UKI & Nordics - Commercial,Account 196 Holdings,Norway,Cancom,Renewal,,127000,2025-05-14
DR-1277,2025-01-18,Aoife Brennan,Mollie Shaw,,Account 077 SpA,Finland,Bechtle AG,Renewal,Rejected - Duplicate,"EUR 172,000.00",2025-05-05
DR-2625,2025-07-07,Integration User,,Southern Europe,Queued Account 011,Germany,Econocom,New Business,1 - Submitted,,
DR-1261,2025-01-28,Tom Whitfield,Dan Eriksen,UKI & Nordics,Account 061 SAS,Sweden,Computacenter,Existing Business - Add-On,7 - Closed Won,44000,2025-05-05
DR-1180,2024-11-06,Sofia Almeida,Paulo Neves,SEMEA,Account 380 Ltd,Greece,Bechtle AG,New Business,7 - Closed Won,"$157,000",2025-03-12
DR-1005,24/09/2024,Niamh O'Connor,Dan Eriksen,Nordics,Account 205 SpA,Norway,Softcat,New Business,7 - Closed Won,"EUR 224,000.00",2025-01-17
DR-1100,2024-10-12,Tom Whitfield,Dan Eriksen,UKI & Nordics,Account 300 Group,Finland,TD Synnex,Renewal,7 - Closed Won,227000,2024-12-18
DR-2142,2026-02-14,Tom Whitfield,,EMEA - UKI & Nordics - Commercial,Account 142 SAS,Denmark,TD Synnex,New Logo,3 - Discovery,223000,2026-07-17
DR-2576,2026-08-04,Sigrid Halvorsen,,EMEA - UKI & Nordics - Commercial,Account 176 GmbH,Sweden,Econocom,Existing Business - Renewal,3 - Discovery,"EUR 121,000.00",2026-09-26
DR-2538,2026-07-25,Aoife Brennan,,UKI & Nordics,Account 138 AB,Finland,SHI EMEA,Upsell,5 - Proposal,219000,2027-01-05
DR-1771,2025-08-27,Aoife Brennan,,Nordics,Account 171 SAS,Denmark,TD Synnex,New Business,0 - Closed Lost,,2026-02-11
DR-1738,07 Jul 2025,Lukas Brandt,,DACH,Account 138 SpA,Germany,Bechtle AG,New Business,5 - Proposal,"$225,000",2025-11-25
DR-1551,2025-05-17,Sigrid Halvorsen,,UKI & Nordics,Account 351 AB,Finland,Computacenter,Upsell,7 - Closed Won,"EUR 235,000.00",2025-10-08
DR-1425,2025-03-23,Aoife Brennan,Dan Eriksen,UKI/Nordics,Account 225 Holdings,Norway,Bechtle AG,New Business,Rejected - Duplicate,,2025-09-14
DR-1920,2025-10-25,Stefan Huber,Lena Wirth,dach pod,Account 320 GmbH,Germany,Econocom,New Business,,233000,2026-03-06
DR-1031,28/09/2024,Julien Marchand,Chiara Bruno,SEMEA,Account 231 Group,Spain,Arrow ECS,New Business,2 - Approved,"EUR 85,000.00",2025-03-15
DR-1974,11/11/2025,Sofia Almeida,Paulo Neves,EMEA - Southern Europe,Account 374 Holdings,Portugal,SHI EMEA,Migration,0 - Closed Lost,"$71,000",2026-02-16
,,,,,,,,,,,
Confidential Information - Do Not Distribute,,,,,,,,,,,
